nickname,id,country,rating,averageCombatScore,roundsPlayed,averageDamagePerRound,kdRatio,kills,deaths,assists,killsPerRound,deathsPerRound,assistsPerRound,headshotPercentage,firstBloods,firstDeaths,firstBloodSuccessRate,firstBloodPerRound,firstDeathPerRound
antG,15209,Brazil,1.4,257.7,832,165.3,1.59,784,492,296,0.94,0.59,0.36,31,72,40,64,0.09,0.05
waved tapaYgeme,38275,Brazil,1.36,278.4,624,183.3,1.4,609,435,132,0.98,0.7,0.21,28,144,78,65,0.23,0.13
srnfps,49398,Brazil,1.34,278,830,182,1.32,778,588,220,0.94,0.71,0.27,24,220,114,66,0.27,0.14
Jelly,34896,Brazil,1.34,240.2,415,156.2,1.36,364,267,170,0.88,0.64,0.41,36,47,34,58,0.11,0.08
none,55826,Brazil,1.3,278.8,676,183.9,1.29,640,496,148,0.95,0.73,0.22,24,156,120,57,0.23,0.18
Palla,17310,Brazil,1.28,275.7,675,179.1,1.27,650,510,122,0.96,0.76,0.18,30,146,106,58,0.22,0.16
xand,562,Brazil,1.28,253.1,432,173.4,1.58,408,258,75,0.94,0.6,0.17,29,72,27,73,0.17,0.06
aspas,13263,Brazil,1.27,264,354,179.6,1.52,338,223,68,0.95,0.63,0.19,29,56,41,58,0.16,0.12
snw,14915,Brazil,1.21,259.2,1203,161.5,1.25,1068,855,210,0.89,0.71,0.17,25,309,231,57,0.26,0.19
daiki,5451,Brazil,1.21,215.9,567,134.3,1.19,423,355,267,0.75,0.63,0.47,29,52,51,50,0.09,0.09
Zanatsu,15098,Brazil,1.2,256.3,1455,167.8,1.25,1278,1020,306,0.88,0.7,0.21,23,342,222,61,0.24,0.15
dgzin,14874,Brazil,1.2,253.1,591,163.1,1.23,528,431,94,0.89,0.73,0.16,30,103,85,55,0.17,0.14
tokyo,34436,Brazil,1.2,244.2,1000,165.6,1.33,912,688,208,0.91,0.69,0.21,25,168,96,64,0.17,0.1
Amelist,64709,Brazil,1.2,203.5,770,129.3,1.1,552,502,414,0.72,0.65,0.54,31,58,42,58,0.08,0.05
Bizerra,21960,Brazil,1.19,236.5,567,161.9,1.48,490,330,125,0.86,0.58,0.22,29,59,41,59,0.1,0.07
sato,35083,Brazil,1.17,250.4,1130,158.3,1.3,986,758,158,0.87,0.67,0.14,31,212,164,56,0.19,0.15
cortezia,5365,Brazil,1.17,212.5,970,137.3,1.28,730,570,396,0.75,0.59,0.41,32,74,48,61,0.08,0.05
prozin,2760,Brazil,1.16,225.1,2624,145.5,1.05,1996,1900,1064,0.76,0.72,0.41,27,364,268,58,0.14,0.1
chase,21491,Brazil,1.14,214.4,456,137.4,1.19,359,301,158,0.79,0.66,0.35,32,37,30,55,0.08,0.07
Stwz1,55883,Brazil,1.13,209.5,447,134.8,1.08,336,312,189,0.75,0.7,0.42,32,27,30,47,0.06,0.07
HiiiK,38065,Brazil,1.13,201.6,1386,130.8,1.06,1020,960,642,0.74,0.69,0.46,36,93,111,46,0.07,0.08
forbanz,38091,Brazil,1.11,242.6,3288,159.3,1.07,2696,2516,688,0.82,0.77,0.21,23,560,516,52,0.17,0.16
murizzz,3097,Brazil,1.11,214.2,802,143.3,1.2,602,502,270,0.75,0.63,0.34,26,76,44,63,0.09,0.05
gobera,21662,Brazil,1.1,241.4,2732,157,1.18,2324,1968,472,0.85,0.72,0.17,20,508,516,50,0.19,0.19
sp1ke,35082,Brazil,1.1,207.7,522,136.6,1.04,385,371,186,0.74,0.71,0.36,27,40,48,45,0.08,0.09
silentzz,14795,Brazil,1.09,240,522,152.1,1.06,436,412,72,0.84,0.79,0.14,33,118,91,56,0.23,0.17
Less,13261,Brazil,1.09,215,622,149,1.25,481,386,171,0.77,0.62,0.27,30,52,46,53,0.08,0.07
meLL,25283,Brazil,1.09,211.1,1532,139.8,1.33,1192,896,336,0.78,0.58,0.22,30,132,104,56,0.09,0.07
Karolzinha,22005,Brazil,1.09,208.6,510,135.7,1.17,369,315,138,0.72,0.62,0.27,28,45,39,54,0.09,0.08
Luid ???,54722,Brazil,1.08,239,596,157.4,1.02,476,468,112,0.8,0.79,0.19,26,140,100,58,0.23,0.17
TBK brk777,69472,Brazil,1.08,198.9,656,123.5,1.12,462,414,246,0.7,0.63,0.38,27,50,33,60,0.08,0.05
Natasha,46901,Brazil,1.07,221.2,1128,149.3,1.24,908,732,200,0.8,0.65,0.18,34,108,60,64,0.1,0.05
Venus,5793,Brazil,1.07,221,2544,143.6,1.06,2000,1880,520,0.79,0.74,0.2,29,464,404,53,0.18,0.16
Joojina,26716,Brazil,1.07,193.5,567,124.4,1.05,377,360,234,0.66,0.63,0.41,24,38,47,45,0.07,0.08
OLP blowz,69445,Brazil,1.06,224.9,434,144.2,1.06,336,318,92,0.77,0.73,0.21,26,57,64,47,0.13,0.15
Caim,38269,Brazil,1.05,219.2,1161,139.5,1.02,888,873,243,0.76,0.75,0.21,20,237,204,54,0.2,0.18
XLD maestr0,69444,Brazil,1.05,215.4,536,144.6,1.04,410,394,138,0.76,0.74,0.26,28,44,59,43,0.08,0.11
Urango,15120,Brazil,1.05,209.8,1130,136.2,0.99,834,846,350,0.74,0.75,0.31,30,116,140,45,0.1,0.12
cauanzin,4258,Brazil,1.05,204.8,622,129.8,1,448,447,194,0.72,0.72,0.31,27,69,56,55,0.11,0.09
sayuri,14861,Brazil,1.05,176.6,1660,109.7,0.99,1000,1012,868,0.6,0.61,0.52,19,92,84,52,0.06,0.05
v1nNy,488,Brazil,1.04,199,1455,133,1.1,1053,960,462,0.72,0.66,0.32,33,105,135,44,0.07,0.09
desire,43503,Brazil,1.04,198.5,940,130.2,1.07,696,648,344,0.74,0.69,0.37,33,72,92,44,0.08,0.1
woddy,15512,Brazil,1.04,192.6,572,129,1.2,400,334,190,0.7,0.58,0.33,39,42,34,55,0.07,0.06
Guiih9,5753,Brazil,1.03,214,376,138.8,0.97,276,284,92,0.73,0.76,0.24,35,32,32,50,0.09,0.09
PKX,38062,Brazil,1.03,210,924,139.6,1.22,710,584,188,0.77,0.63,0.2,29,80,60,57,0.09,0.06
Siduzord,5404,Brazil,1.03,196.8,675,129.9,1.13,466,414,217,0.69,0.61,0.32,27,42,46,48,0.06,0.07
tuyz,5400,Brazil,1.03,184.9,622,124.8,1.12,426,381,238,0.68,0.61,0.38,30,30,28,52,0.05,0.05
RND,6134,Brazil,1.02,223.8,1968,143.9,0.98,1494,1527,354,0.76,0.78,0.18,17,330,330,50,0.17,0.17
CLUTCH phc,62869,Brazil,1.02,221.5,940,147.6,1.01,724,716,156,0.77,0.76,0.17,25,164,104,61,0.17,0.11
luiza,32218,Brazil,1.02,209.2,544,141.1,1.05,392,372,150,0.72,0.68,0.28,28,40,58,41,0.07,0.11
shion,3264,Brazil,1.02,203.7,1368,133.9,0.98,957,975,468,0.7,0.71,0.34,25,108,123,47,0.08,0.09
GabiT?,25276,Brazil,1.02,202,306,138.7,1.25,225,180,57,0.74,0.59,0.19,20,21,12,64,0.07,0.04
luk xo,64551,Brazil,1.02,200,1130,131.2,1.05,782,748,346,0.69,0.66,0.31,34,114,92,55,0.1,0.08
guuih,4237,Brazil,1.02,199.7,633,129.5,1.23,453,369,165,0.72,0.58,0.26,21,39,30,57,0.06,0.05
askia,29910,Brazil,1.02,180,1773,118.7,1.04,1146,1101,750,0.65,0.62,0.42,25,93,105,47,0.05,0.06
pancc,47736,Brazil,1.01,213,1182,139.6,1.03,852,826,294,0.72,0.7,0.25,29,156,126,55,0.13,0.11
babz,45069,Brazil,1.01,211.3,580,144.9,1.05,442,420,130,0.76,0.72,0.22,22,70,76,48,0.12,0.13
theoz1k,31183,Brazil,1.01,211,1128,143.2,1,820,816,320,0.73,0.72,0.28,30,136,172,44,0.12,0.15
Lz,6087,Brazil,1.01,196.7,1566,127.5,1.02,1068,1044,480,0.68,0.67,0.31,36,135,159,46,0.09,0.1
pollo,2761,Brazil,1,210.5,1368,138.9,1.02,1005,981,279,0.73,0.72,0.2,29,180,171,51,0.13,0.13
PryZee,560,Brazil,1,190.9,2610,130.4,1.06,1745,1650,945,0.67,0.63,0.36,22,155,135,53,0.06,0.05
m4nd,14823,Brazil,1,187.2,618,126.7,0.97,406,418,270,0.66,0.68,0.44,30,44,68,39,0.07,0.11
Sacy,474,Brazil,1,186,968,123.8,0.93,606,649,395,0.63,0.67,0.41,26,63,73,46,0.07,0.08
TISORA,13282,Brazil,0.99,218,1551,141.8,0.99,1179,1191,243,0.76,0.77,0.16,24,288,273,51,0.19,0.18
richzin,19551,Brazil,0.99,194.1,2049,131.8,1.02,1365,1332,618,0.67,0.65,0.3,33,153,168,48,0.07,0.08
drakoNz,43874,Brazil,0.99,188.2,2049,125,0.98,1380,1410,729,0.67,0.69,0.36,29,144,189,43,0.07,0.09
isaa,5464,Brazil,0.99,187.6,567,122.9,1.02,365,359,190,0.64,0.63,0.34,22,46,32,59,0.08,0.06
jzz,15235,Brazil,0.98,204.9,350,138.9,0.98,256,261,73,0.73,0.75,0.21,31,52,43,55,0.15,0.12
Sw,38097,Brazil,0.98,191.2,3102,120.8,0.92,2058,2232,1068,0.66,0.72,0.34,25,276,276,50,0.09,0.09
Lewa,47755,Brazil,0.97,201.5,372,137.1,1.07,276,258,66,0.74,0.69,0.18,41,45,39,54,0.12,0.1
RgLM,5302,Brazil,0.97,180.1,350,122.8,0.95,226,237,131,0.65,0.68,0.37,30,16,17,48,0.05,0.05
ntk,1196,Brazil,0.96,200.5,2068,134.1,0.85,1364,1600,752,0.66,0.77,0.36,19,200,188,52,0.1,0.09
speedy,41521,Brazil,0.96,188.5,846,126,1,567,567,228,0.67,0.67,0.27,34,81,45,64,0.1,0.05
fzkk,906,Brazil,0.96,176,2070,112.6,0.91,1235,1355,875,0.6,0.65,0.42,20,115,160,42,0.06,0.08
nickszxz,38126,Brazil,0.95,179.3,1350,118.3,0.88,842,954,512,0.62,0.71,0.38,25,112,120,48,0.08,0.09
artzin,5750,Brazil,0.94,211.2,1050,137.7,0.93,753,810,165,0.72,0.77,0.16,25,150,159,49,0.14,0.15
Jenniffer,32539,Brazil,0.94,209.2,1224,138.7,0.99,900,912,180,0.74,0.75,0.15,27,234,168,58,0.19,0.14
qck,1193,Brazil,0.94,202.1,622,133.3,0.96,445,465,107,0.72,0.75,0.17,28,104,106,50,0.17,0.17
prince,5737,Brazil,0.94,189.8,2624,126.8,1.01,1780,1756,612,0.68,0.67,0.23,26,220,188,54,0.08,0.07
GuhRVN,5593,Brazil,0.94,185.1,1773,119.9,1.01,1137,1122,537,0.64,0.63,0.3,26,144,168,46,0.08,0.09
mindle,25361,Brazil,0.94,180.2,544,118.9,0.94,356,380,164,0.65,0.7,0.3,28,32,42,43,0.06,0.08
Evilkyk,5401,Brazil,0.94,174.4,1287,116.3,0.93,786,849,468,0.61,0.66,0.36,29,72,84,46,0.06,0.07
Biazik,15207,Brazil,0.93,184.7,716,122.6,0.89,460,516,268,0.64,0.72,0.37,22,60,64,48,0.08,0.09
Lendary,61394,Brazil,0.92,179.4,1200,119.7,0.92,795,860,265,0.66,0.72,0.22,40,80,90,47,0.07,0.08
LGCY skz,69449,Brazil,0.92,173.8,683,113,0.86,415,482,247,0.61,0.71,0.36,28,50,50,50,0.07,0.07
lule,15210,Brazil,0.91,204,428,136.2,0.89,284,320,100,0.66,0.75,0.23,19,40,44,48,0.09,0.1
shelbyN,39611,Brazil,0.91,187,655,124.6,1,438,438,140,0.67,0.67,0.21,29,46,44,51,0.07,0.07
jubs,25924,Brazil,0.91,174.6,1245,116.4,1.07,795,744,267,0.64,0.6,0.21,24,99,78,56,0.08,0.06
raafa,43525,Brazil,0.91,172,1182,113.5,0.92,708,772,408,0.6,0.65,0.35,28,72,114,39,0.06,0.1
blu,5473,Brazil,0.91,171,544,110.7,0.88,324,370,176,0.6,0.68,0.32,24,36,44,45,0.07,0.08
MIZZY,49418,Brazil,0.9,198.4,308,132.8,0.83,208,252,74,0.68,0.82,0.24,28,28,36,44,0.09,0.12
g?be,58318,Brazil,0.9,179.8,676,122.9,0.97,456,472,156,0.67,0.7,0.23,29,48,24,67,0.07,0.04
DeNaro,1187,Brazil,0.9,173.1,1312,112.7,0.88,774,882,444,0.59,0.67,0.34,24,80,108,43,0.06,0.08
swag,21630,Brazil,0.89,186.4,2732,123.5,0.98,1772,1800,568,0.65,0.66,0.21,25,220,220,50,0.08,0.08
FnT gigi,49453,Brazil,0.89,184.8,676,123,0.81,436,540,208,0.64,0.8,0.31,22,76,72,51,0.11,0.11
vii,49013,Brazil,0.88,194.4,1128,122.6,0.91,772,844,140,0.68,0.75,0.12,29,180,164,52,0.16,0.15
frz,466,Brazil,0.88,187.1,350,124.4,1.01,234,232,58,0.67,0.66,0.17,28,25,43,37,0.07,0.12
ZaPy,3270,Brazil,0.88,183.1,2088,129.7,1,1336,1336,424,0.64,0.64,0.2,27,140,144,49,0.07,0.07
CTC,13281,Brazil,0.88,182.7,970,119.2,0.99,622,628,182,0.64,0.65,0.19,23,64,74,46,0.07,0.08
XLD cidZzZ,69446,Brazil,0.88,177.6,536,118.3,0.88,331,377,170,0.62,0.7,0.32,25,34,42,45,0.06,0.08
sunkissed,51629,Europe,1.57,313.3,1152,198.8,1.67,1296,776,240,1.13,0.67,0.21,25,244,244,70,0.21,0.09
CG Akita,69854,Europe,1.52,307,966,199.7,1.5,1029,684,255,1.07,0.71,0.26,30,192,192,61,0.2,0.13
soulcas,50,United Kingdom,1.48,277.4,758,182.4,1.84,764,416,290,1.01,0.55,0.38,35,94,94,64,0.12,0.07
Sara,64206,Europe,1.42,291.5,992,191.3,1.52,1022,674,176,1.03,0.68,0.18,31,238,238,67,0.24,0.12
DREAM,62760,Europe,1.42,259.7,1610,167,1.7,1530,900,625,0.95,0.56,0.39,28,90,90,60,0.06,0.04
Mery?,45379,Europe,1.38,288.2,392,195.7,1.53,416,272,60,1.06,0.69,0.15,30,92,92,72,0.23,0.09
Janevra,46988,Turkey,1.37,267.4,303,185,1.64,300,183,63,0.99,0.6,0.21,43,39,39,72,0.13,0.05
Queen Puffy,6397,United Kingdom,1.35,290.6,1190,179.9,1.24,1215,980,220,1.02,0.82,0.18,24,345,345,54,0.29,0.24
AnnaKabana,50863,United Kingdom,1.35,276.8,1165,174.6,1.26,1100,875,300,0.94,0.75,0.26,21,240,240,61,0.21,0.13
majusia,34816,Poland,1.35,270.4,819,176.8,1.43,777,543,219,0.95,0.66,0.27,31,183,183,64,0.22,0.12
Miiizzy,33903,Denmark,1.35,254.6,2135,164.8,1.42,1904,1337,812,0.89,0.63,0.38,24,294,294,55,0.14,0.11
Emlux,40050,Sweden,1.34,279.4,1685,176.8,1.34,1585,1180,355,0.94,0.7,0.21,24,390,390,58,0.23,0.17
anesilia,62781,Europe,1.34,233.4,432,162.5,1.79,354,198,204,0.82,0.46,0.47,26,42,42,78,0.1,0.03
Cunha20,49169,Portugal,1.34,223,407,145.8,1.48,344,233,191,0.85,0.57,0.47,42,33,33,56,0.08,0.06
Pitou,23877,France,1.32,280.4,525,181.4,1.3,504,387,123,0.96,0.74,0.23,21,105,105,63,0.2,0.12
Anq,8475,Russian Federation,1.32,272.5,2890,173.5,1.49,2805,1880,405,0.97,0.65,0.14,27,595,595,59,0.21,0.14
Click,14418,Germany,1.31,279.3,2376,179.1,1.24,2308,1856,364,0.97,0.78,0.15,31,696,696,64,0.29,0.16
Wezy,55223,Europe,1.3,268.4,390,177.8,1.33,364,274,88,0.93,0.7,0.23,33,72,72,55,0.18,0.15
Filu,4124,Poland,1.3,259.6,416,167.2,1.46,402,276,88,0.97,0.66,0.21,26,102,102,60,0.25,0.16
mili,47207,Norway,1.29,263.8,1796,180.9,1.41,1744,1236,284,0.97,0.69,0.16,38,264,264,56,0.15,0.12
wackie,9136,Estonia,1.29,242.1,832,154.1,1.46,734,504,284,0.88,0.61,0.34,26,94,94,57,0.11,0.09
Vania,32953,Turkey,1.29,240.2,602,156.7,1.43,528,369,213,0.88,0.61,0.35,35,61,61,58,0.1,0.07
Demurcuk,7064,Turkey,1.28,267.2,562,175.2,1.24,504,407,154,0.9,0.72,0.27,24,121,121,59,0.22,0.15
Forgotten,33877,United Kingdom,1.28,261.4,1266,167.2,1.23,1134,924,306,0.9,0.73,0.24,20,258,258,56,0.2,0.16
princessels,53689,Sweden,1.28,246.3,2716,164.3,1.32,2394,1820,1015,0.88,0.67,0.37,24,329,329,49,0.12,0.12
MayaMeow,65674,Europe,1.28,234.9,822,154,1.2,645,537,432,0.78,0.65,0.53,24,72,72,50,0.09,0.09
Jduh,22788,Turkey,1.28,231.1,700,147.6,1.33,576,434,284,0.82,0.62,0.41,38,52,52,52,0.07,0.07
Fragger,21532,Portugal,1.28,223.3,407,139.4,1.16,314,270,230,0.77,0.66,0.57,27,37,37,54,0.09,0.08
Cleeann,28250,France,1.27,278.8,321,178.5,1.26,309,246,39,0.96,0.77,0.12,34,60,60,57,0.19,0.14
xann,63897,Iceland,1.27,273.1,5190,175.9,1.2,4764,3966,1164,0.92,0.76,0.22,29,1224,1224,56,0.24,0.18
KILLDREAM,13361,Portugal,1.27,263.5,894,169,1.29,834,648,168,0.93,0.72,0.19,26,212,212,54,0.24,0.21
Sp1ke,1505,Russian Federation,1.27,253.4,672,168.7,1.54,606,393,186,0.9,0.58,0.28,28,135,135,67,0.2,0.1
furyan,22459,Portugal,1.26,253.1,660,165,1.25,594,477,186,0.9,0.72,0.28,22,132,132,52,0.2,0.18
kamyk,3328,Poland,1.26,230.7,1026,153.8,1.34,860,640,384,0.84,0.62,0.37,33,78,78,51,0.08,0.07
Marky,47605,Scotland,1.25,272.6,1224,176.4,1.18,1104,936,280,0.9,0.76,0.23,19,228,228,55,0.19,0.15
Michou,64106,Netherlands,1.25,266.1,338,177.8,1.23,328,266,56,0.97,0.79,0.17,31,74,74,49,0.22,0.22
TajReX,4120,Poland,1.25,247.4,2025,160,1.23,1730,1405,590,0.85,0.69,0.29,27,265,265,59,0.13,0.09
VapeRoald,8812,Belgium,1.25,244.8,585,158,1.45,501,345,156,0.86,0.59,0.27,25,78,78,58,0.13,0.1
alexiiik,43910,Czech Republic,1.24,260.2,573,164.8,1.27,526,414,87,0.92,0.72,0.15,29,136,136,55,0.24,0.2
soren,8649,Europe,1.24,259.3,1544,168.2,1.3,1392,1068,276,0.9,0.69,0.18,34,360,360,56,0.23,0.19
Sunset,50894,Europe,1.24,220.6,3198,139.9,1.15,2484,2166,1452,0.78,0.68,0.45,25,234,234,49,0.07,0.08
Polkan,5225,Russian Federation,1.24,216.5,301,140.6,1.17,238,203,161,0.79,0.67,0.53,34,7,7,14,0.02,0.14
Mitsuri,62812,Europe,1.23,266.3,1080,176.6,1.26,980,780,240,0.91,0.72,0.22,22,210,210,63,0.19,0.12
Blastinho,49167,Spain,1.23,263.4,346,175.1,1.34,326,243,56,0.94,0.7,0.16,23,53,53,58,0.15,0.11
Sacra,52892,Europe,1.23,261.3,777,175.5,1.25,717,573,129,0.92,0.74,0.17,22,168,168,58,0.22,0.16
Veqaj,22341,France,1.23,259.9,2410,168.4,1.22,2190,1790,410,0.91,0.74,0.17,21,570,570,58,0.24,0.17
elllement,3291,Serbia,1.23,256.7,492,171.4,1.39,454,326,85,0.92,0.66,0.17,28,93,93,55,0.19,0.15
brk,27137,Portugal,1.23,255.3,407,164.7,1.24,354,285,102,0.87,0.7,0.25,19,99,99,56,0.24,0.19
Ruxic,28712,Turkey,1.23,243.1,656,157,1.26,548,435,226,0.84,0.66,0.34,26,67,67,58,0.1,0.07
APE Vitie,69026,Europe,1.23,233.4,342,151.6,1.17,288,246,126,0.84,0.72,0.37,33,27,27,53,0.08,0.07
sibeastw0w,7912,Russian Federation,1.22,262.8,680,170.9,1.25,607,486,142,0.89,0.71,0.21,22,174,174,58,0.26,0.18
Lime,18715,United Kingdom,1.22,249.3,1788,161.1,1.3,1596,1224,384,0.89,0.68,0.21,32,296,296,57,0.17,0.13
Shaimon,60109,Europe,1.21,252.1,450,168.7,1.21,396,327,117,0.88,0.73,0.26,30,36,36,50,0.08,0.08
bee,50009,United Kingdom,1.21,244.6,2154,157,1.36,1944,1434,324,0.9,0.67,0.15,25,330,330,59,0.15,0.11
Minny,39061,Czech Republic,1.21,241.5,632,158.2,1.43,549,384,104,0.87,0.61,0.16,31,68,68,62,0.11,0.07
Fizzy,12744,Portugal,1.21,240.7,495,155.8,1.41,415,294,129,0.84,0.59,0.26,26,54,54,57,0.11,0.08
Koloshatop192,62596,Europe,1.21,231.2,816,151.3,1.19,664,556,284,0.81,0.68,0.35,27,84,84,58,0.1,0.07
ThuuyTV,64861,Europe,1.21,227.1,1296,145,1.19,1032,870,537,0.8,0.67,0.41,25,174,174,56,0.13,0.11
Xaline,32816,France,1.21,226.3,462,151.7,1.16,354,304,202,0.77,0.66,0.44,25,58,58,76,0.13,0.04
ardiis,47,Latvia,1.21,223.5,309,145.9,1.16,249,215,123,0.81,0.7,0.4,22,37,37,53,0.12,0.11
scarn,27179,United Kingdom,1.2,253.1,1542,162.9,1.22,1383,1134,246,0.9,0.74,0.16,28,303,303,57,0.2,0.15
MiniBoo,30390,Lithuania,1.2,248.2,498,158.7,1.15,427,370,120,0.86,0.74,0.24,30,101,101,54,0.2,0.17
Jiex,36709,Turkey,1.2,248.1,1624,160.5,1.19,1448,1216,408,0.89,0.75,0.25,28,328,328,65,0.2,0.11
Yuta,27833,France,1.2,234.5,448,150.9,1.36,372,274,102,0.83,0.61,0.23,33,62,62,62,0.14,0.08
Katu,4109,Poland,1.2,230.8,648,152.5,1.21,524,432,222,0.81,0.67,0.34,35,98,98,65,0.15,0.08
sinommi,66728,Europe,1.2,223.8,418,147.8,1.18,322,272,180,0.77,0.65,0.43,31,32,32,55,0.08,0.06
Sylva,26386,United Kingdom,1.2,205.8,714,127.9,1.28,525,411,360,0.74,0.58,0.5,24,36,36,52,0.05,0.05
taraaaaaaaaaaaaa,64858,Europe,1.19,264.6,321,172.6,1.24,291,234,60,0.91,0.73,0.19,21,54,54,49,0.17,0.18
Izzy,18098,Turkey,1.19,252.5,492,161.5,1.33,435,328,79,0.88,0.67,0.16,25,106,106,56,0.22,0.17
Natalcia,45281,Poland,1.19,246.4,819,170.9,1.37,720,525,165,0.88,0.64,0.2,37,96,96,65,0.12,0.06
ryota,64162,Europe,1.19,236.5,956,156.7,1.25,810,650,272,0.85,0.68,0.28,26,76,76,54,0.08,0.07
Love Sosa,40031,Hungary,1.19,224.8,3372,149.4,1.45,2766,1908,1014,0.82,0.57,0.3,28,366,366,63,0.11,0.06
Joliinaa,45299,Sweden,1.19,221.6,2202,144.3,1.12,1683,1500,936,0.76,0.68,0.43,23,159,159,61,0.07,0.05
hiro,50573,Netherlands,1.19,220.2,984,142.5,1.2,754,630,418,0.77,0.64,0.42,33,72,72,49,0.07,0.08
madv,50839,Europe,1.19,216.4,637,136.3,1.22,494,404,269,0.78,0.63,0.42,39,63,63,64,0.1,0.05
moshieroo,50010,Sweden,1.19,215.5,580,136.8,1.07,430,402,292,0.74,0.69,0.5,25,44,44,44,0.08,0.1
Noemium de B,50860,Europe,1.18,267.6,492,174.6,1.11,432,390,117,0.88,0.79,0.24,17,90,90,58,0.18,0.13
pyrolll,13698,Estonia,1.18,246.3,1525,162.3,1.21,1335,1105,345,0.88,0.72,0.23,23,280,280,62,0.18,0.11
aNguiSt,26565,United Kingdom,1.18,235.1,984,154,1.36,860,634,186,0.87,0.64,0.19,36,100,100,54,0.1,0.09
fakeananas,3870,Slovenia,1.18,217.1,582,140.7,1.1,454,412,244,0.78,0.71,0.42,27,56,56,42,0.1,0.13
KHO lyn,62691,Europe,1.17,255.7,562,167.8,1.07,484,452,112,0.86,0.8,0.2,25,108,108,65,0.19,0.1
Annie,25803,Spain,1.17,248.9,1204,161.4,1.21,1046,862,210,0.87,0.72,0.17,29,264,264,52,0.22,0.2
mads,62639,United Kingdom,1.17,245.6,1890,162.3,1.23,1632,1326,369,0.86,0.7,0.2,21,270,270,51,0.14,0.13
dos9,63515,Kazakhstan,1.17,243.6,1506,155.9,1.27,1294,1022,246,0.86,0.68,0.16,24,256,256,57,0.17,0.13
jade,20776,Scotland,1.17,232.5,3948,147.4,1.1,3168,2880,1386,0.8,0.73,0.35,21,510,510,51,0.13,0.12
F5V xanti,62800,Europe,1.17,232.5,633,147.8,1.16,525,453,156,0.83,0.72,0.25,32,84,84,65,0.13,0.07
AKUMAAAAA,252,France,1.17,230,478,151.2,1.12,387,347,155,0.81,0.73,0.32,35,64,64,55,0.13,0.11
sociablEE,4651,Turkey,1.17,230,656,150.3,1.28,529,413,211,0.81,0.63,0.32,25,73,73,59,0.11,0.08
br1ckzl,69494,Europe,1.17,225.6,1534,146.8,1.16,1207,1043,568,0.79,0.68,0.37,32,141,141,57,0.09,0.07
fluxxy,50198,Scotland,1.17,224.7,2100,147.9,1.3,1698,1302,561,0.81,0.62,0.27,26,189,189,62,0.09,0.06
tokameite,40106,Russian Federation,1.17,218.6,1119,144.7,1.17,885,756,450,0.79,0.68,0.4,33,69,69,58,0.06,0.05
Eva,16952,Turkey,1.17,217.7,637,142.7,1.43,519,364,168,0.81,0.57,0.26,33,39,39,56,0.06,0.05
Leyre,62838,Spain,1.17,217,1890,142.1,1.09,1482,1359,714,0.78,0.72,0.38,39,156,156,50,0.08,0.08
MJT,40779,Wales,1.16,241.6,396,157.2,1.21,328,272,80,0.83,0.69,0.2,23,90,90,52,0.23,0.21
purp0,2943,Russian Federation,1.16,238.1,704,153.5,1.31,590,450,146,0.84,0.64,0.21,35,102,102,62,0.14,0.09
Akira,28459,Portugal,1.16,229.9,387,153.1,1.16,320,275,118,0.83,0.71,0.3,29,28,28,52,0.07,0.07
CVG Hannah,64105,Europe,1.16,223.8,822,147.1,1.11,651,585,291,0.79,0.71,0.35,23,81,81,54,0.1,0.08
cloudy,62604,Europe,1.16,216.4,330,135.9,1.12,246,219,126,0.75,0.66,0.38,23,21,21,37,0.06,0.11
MOLSI,247,Poland,1.16,208.7,758,141.7,1.32,568,430,332,0.75,0.57,0.44,30,56,56,43,0.07,0.1
BebeFlow,55143,Romania,1.15,243,1572,153.1,1.19,1332,1116,282,0.85,0.71,0.18,20,270,270,54,0.17,0.15
RIG DH,68275,Japan,1.49,300.8,320,191.5,1.47,338,230,68,1.06,0.72,0.21,30,60,36,63,0.19,0.11
citrous,17053,Japan,1.28,225.8,402,147.9,1.19,315,264,201,0.78,0.66,0.5,24,27,15,64,0.07,0.04
Meru,49099,Japan,1.24,212.8,537,141,1.21,408,336,333,0.76,0.63,0.62,20,21,57,27,0.04,0.11
Meiy,8173,Japan,1.19,259.5,502,166,1.14,446,392,88,0.89,0.78,0.18,25,100,78,56,0.2,0.16
Ayanami,49115,Japan,1.19,246.6,394,151.9,1.24,346,280,84,0.88,0.71,0.21,19,56,88,39,0.14,0.22
SyouTa,23476,Japan,1.18,248.1,720,164.7,1.25,647,519,119,0.9,0.72,0.17,26,138,125,52,0.19,0.17
onni,49101,Japan,1.16,231.4,306,145.3,1.34,258,192,76,0.84,0.63,0.25,28,42,30,58,0.14,0.1
Dep,741,Japan,1.15,245.4,442,157.4,1.15,382,332,73,0.86,0.75,0.17,28,86,74,54,0.19,0.17
Yoshi,5507,Japan,1.14,237.5,436,166.3,1.22,385,315,82,0.88,0.72,0.19,27,62,57,52,0.14,0.13
samechan,49122,Japan,1.14,216.4,426,139.8,1.15,322,280,174,0.76,0.66,0.41,18,30,52,37,0.07,0.12
bazz,8258,Japan,1.13,227.8,326,145.1,0.97,250,258,120,0.77,0.79,0.37,30,38,46,45,0.12,0.14
Ippanjinnoarare,46278,Japan,1.12,224.8,322,146.5,1.24,250,202,106,0.78,0.63,0.33,19,38,26,59,0.12,0.08
thiefy,8176,Japan,1.11,225.8,504,148.8,1.08,398,369,146,0.79,0.73,0.29,23,55,47,54,0.11,0.09
Gwangboong,66272,Japan,1.1,234.7,616,157,1.19,500,421,135,0.81,0.68,0.22,22,114,98,54,0.19,0.16
Nth Wolverine,68272,Japan,1.07,229.3,504,146.6,1.1,416,378,77,0.83,0.75,0.15,31,96,98,49,0.19,0.19
YuRinChi ??,65337,Japan,1.07,215.3,394,130.9,1.15,296,258,96,0.75,0.65,0.24,22,48,30,62,0.12,0.08
FL Xdll,69025,Japan,1.07,213,622,146.3,1.08,472,437,189,0.76,0.7,0.3,26,68,61,53,0.11,0.1
gatorada,62100,Japan,1.07,189.6,616,118.4,1.03,407,396,293,0.66,0.64,0.48,22,49,35,58,0.08,0.06
NOBITA,8369,Japan,1.06,202,616,135.3,1.12,442,394,200,0.72,0.64,0.32,26,43,39,52,0.07,0.06
clz,2007,Japan,1.06,198.5,720,132.2,1.09,521,478,263,0.72,0.66,0.37,31,54,57,49,0.08,0.08
Misaya,18838,Japan,1.06,188.9,616,116.8,0.94,392,416,315,0.64,0.68,0.51,16,43,54,44,0.07,0.09
komikku,8398,Japan,1.05,209.7,402,133.3,1.17,315,270,93,0.78,0.67,0.23,33,33,45,42,0.08,0.11
BRIAN,46181,Japan,1.03,212.6,1188,147.1,1.09,906,832,306,0.76,0.7,0.26,28,164,146,53,0.14,0.12
xnfri ,8235,Japan,1.03,200,1212,140.6,1.06,903,852,405,0.75,0.7,0.33,34,111,105,51,0.09,0.09
GON,8174,Japan,1.03,189.3,720,128.4,1.06,496,470,287,0.69,0.65,0.4,25,48,43,53,0.07,0.06
cypressgirl,49108,Japan,1.02,201.4,342,128.2,0.96,237,246,120,0.69,0.72,0.35,23,21,27,44,0.06,0.08
Tonbo,543,Japan,1.01,203.3,539,144.9,1.11,414,374,142,0.77,0.69,0.26,32,45,22,67,0.08,0.04
Zan,29431,Japan,0.99,209.5,402,134.6,0.89,291,327,108,0.72,0.81,0.27,16,72,72,50,0.18,0.18
Hals,54118,Japan,0.99,194.2,1188,137.4,1.1,842,764,342,0.71,0.64,0.29,22,80,110,42,0.07,0.09
Mochirrrr,53909,Japan,0.99,183.8,426,116.1,0.91,258,282,204,0.61,0.66,0.48,18,30,26,54,0.07,0.06
Daimyo,21311,Japan,0.98,201.4,545,129.3,0.92,380,415,200,0.7,0.76,0.37,32,25,65,28,0.05,0.12
Neu,66145,Japan,0.98,175.7,394,108.9,1.08,262,242,142,0.66,0.61,0.36,18,20,28,42,0.05,0.07
Phantom,18868,Japan,0.97,210.4,326,145.4,1.07,242,226,56,0.74,0.69,0.17,21,28,34,45,0.09,0.1
TenzouEz,23468,Japan,0.97,182.7,436,125.3,1.08,308,285,134,0.71,0.65,0.31,33,26,35,43,0.06,0.08
Luca,61734,Japan,0.96,199,320,129.1,1.13,238,210,46,0.74,0.66,0.14,33,36,40,47,0.11,0.13
yuran,46185,Japan,0.96,197.6,442,133.4,0.96,298,309,131,0.67,0.7,0.3,26,37,38,49,0.08,0.09
SugarZ3ro,8026,Japan,0.96,176.7,442,115.5,0.96,280,292,182,0.63,0.66,0.41,31,15,31,33,0.03,0.07
Biju,8114,Japan,0.95,176.4,539,126.1,1,365,366,194,0.68,0.68,0.36,24,45,43,51,0.08,0.08
Reita,2,Japan,0.94,185.8,539,135.8,0.98,375,382,169,0.7,0.71,0.31,26,54,43,56,0.1,0.08
muto,29483,Japan,0.94,173.6,1782,121.7,0.94,1092,1161,660,0.61,0.65,0.37,28,114,108,51,0.06,0.06
Vaix,49084,Japan,0.93,198.4,393,134.8,0.95,279,294,57,0.71,0.75,0.15,24,69,78,47,0.18,0.2
Laz,1,Japan,0.93,196.5,442,133.1,1.07,312,292,71,0.71,0.66,0.16,25,50,32,61,0.11,0.07
oitaN,1844,Japan,0.92,179.1,467,119.2,0.83,283,341,197,0.61,0.73,0.42,31,24,37,39,0.05,0.08
Absol,58250,Japan,0.9,187.9,1078,132.3,0.95,758,796,210,0.7,0.74,0.19,19,148,142,51,0.14,0.13
taru,54159,Japan,0.89,158.7,304,102.8,0.79,178,224,132,0.59,0.74,0.43,24,10,24,29,0.03,0.08
zepher,544,Japan,0.88,186,808,132,1.01,552,546,152,0.68,0.68,0.19,27,96,74,56,0.12,0.09
HaReeee,742,Japan,0.88,178.8,467,119.1,0.82,289,354,135,0.62,0.76,0.29,31,37,36,51,0.08,0.08
hiroronn,18862,Japan,0.87,168.4,442,109.9,0.81,255,314,160,0.58,0.71,0.36,30,31,51,38,0.07,0.12
million,555,Japan,0.86,170.1,539,119.4,0.79,317,401,247,0.59,0.74,0.46,16,52,87,37,0.1,0.16
Pepper,101,Japan,0.86,161.4,504,109.4,0.91,287,317,187,0.57,0.63,0.37,23,17,23,43,0.03,0.05
MeetPieN,58297,Japan,0.86,148.5,320,91.1,0.82,168,204,124,0.53,0.64,0.39,25,18,24,43,0.06,0.08
BlackWiz,1951,Japan,0.82,157.1,1212,107.9,0.81,681,840,429,0.56,0.69,0.35,29,87,123,41,0.07,0.1
YoWamu,58233,Japan,0.81,156.3,1008,105.3,0.78,550,708,364,0.55,0.7,0.36,29,46,92,33,0.05,0.09
MerRy,771,Japan,0.8,167.6,304,116.5,0.8,166,208,88,0.55,0.68,0.29,25,20,30,40,0.07,0.1
Derialy,1833,Japan,0.76,155.6,720,106,0.89,420,471,99,0.58,0.65,0.14,27,49,58,46,0.07,0.08
IGZ xui,66276,Japan,0.76,152.2,331,104.9,0.78,187,240,80,0.56,0.73,0.24,31,16,26,38,0.05,0.08
neth,1845,Japan,0.73,156.8,502,103.9,0.8,284,356,88,0.57,0.71,0.18,26,26,58,31,0.05,0.12
Et karen,65041,Japan,0.72,130.6,396,85.9,0.7,189,270,123,0.48,0.68,0.31,24,18,9,67,0.05,0.02
unstable,42690,South Korea,1.31,256.4,11242,158.7,1.43,10318,7210,2744,0.92,0.64,0.24,31,2184,1526,59,0.19,0.14
DoHee,65611,South Korea,1.24,264.2,384,168.3,1.2,338,282,104,0.88,0.73,0.27,18,80,84,49,0.21,0.22
HANN,3468,South Korea,1.2,253.7,496,161.8,1.14,434,381,99,0.88,0.77,0.2,26,97,70,58,0.2,0.14
Akame,23486,South Korea,1.2,246,1188,163.9,1.22,1034,850,228,0.87,0.72,0.19,21,242,168,59,0.2,0.14
HATE,3109,South Korea,1.19,228.5,590,146.4,1.15,474,411,174,0.8,0.7,0.29,38,68,55,55,0.12,0.09
MaKo,3437,South Korea,1.18,219.1,339,149.4,1.33,265,199,129,0.78,0.59,0.38,31,36,21,63,0.11,0.06
SUMM3R,65623,South Korea,1.16,237.6,576,151.1,1.56,495,318,57,0.86,0.55,0.1,30,54,36,60,0.09,0.06
JinboongE,3471,South Korea,1.16,236.3,616,153.5,1.34,525,391,113,0.85,0.63,0.18,34,83,59,58,0.13,0.1
BuZz,3531,South Korea,1.15,247,339,158.3,1.14,283,249,73,0.83,0.73,0.22,23,67,48,58,0.2,0.14
LFG Ash1,69600,South Korea,1.14,234.1,590,149.3,1.19,492,412,101,0.83,0.7,0.17,27,109,89,55,0.18,0.15
JaebiN,61550,South Korea,1.13,243.7,684,160.1,1.16,571,493,157,0.83,0.72,0.23,15,126,99,56,0.18,0.14
NS PKM,69571,South Korea,1.11,235.6,588,155.5,1.15,485,421,108,0.82,0.72,0.18,24,116,76,60,0.2,0.13
t3xture,13470,South Korea,1.11,232.6,997,152.4,1.18,833,704,162,0.84,0.71,0.16,27,168,140,55,0.17,0.14
LOB,4074,South Korea,1.1,215.7,404,152.4,1.3,328,253,127,0.81,0.63,0.31,32,19,13,59,0.05,0.03
DK free1ng,69601,South Korea,1.09,224.4,572,147.5,1.2,452,378,125,0.79,0.66,0.22,35,56,34,62,0.1,0.06
DoenmO,17093,South Korea,1.09,222.2,496,140.6,1.04,399,382,130,0.8,0.77,0.26,25,64,68,48,0.13,0.14
Hermes,29396,South Korea,1.09,196.3,572,125.2,0.98,382,391,321,0.67,0.68,0.56,28,50,44,53,0.09,0.08
GangPin,29417,South Korea,1.09,195.3,1188,131.9,1.12,830,744,444,0.7,0.63,0.37,27,76,54,58,0.06,0.05
yoman,42152,South Korea,1.08,207.1,1176,133.7,1.2,872,728,376,0.74,0.62,0.32,25,106,114,48,0.09,0.1
BENECIA,4073,South Korea,1.06,194.6,684,124.4,1.09,475,436,279,0.69,0.64,0.41,23,39,52,43,0.06,0.08
Bunny,5629,South Korea,1.05,226.5,992,149.1,1.15,786,686,216,0.79,0.69,0.22,18,154,134,53,0.16,0.14
Meteor,23528,South Korea,1.05,220.5,997,146.1,1.12,788,703,154,0.79,0.71,0.15,29,114,98,54,0.11,0.1
NakJi,3476,South Korea,1.05,194.7,590,125.3,1.06,405,383,228,0.69,0.65,0.39,25,48,45,52,0.08,0.08
NS Xross,69570,South Korea,1.03,214,588,141,1.16,432,374,132,0.73,0.64,0.22,22,55,41,57,0.09,0.07
Yohan,4048,South Korea,1.03,194.3,1176,124.4,0.94,796,846,450,0.68,0.72,0.38,28,122,92,57,0.1,0.08
exy,445,South Korea,1.03,184.3,572,120.9,1.02,386,377,228,0.67,0.66,0.4,33,37,54,41,0.06,0.09
Esperanza,3104,South Korea,1.02,209.2,504,138.3,1.07,377,351,126,0.75,0.7,0.25,33,53,47,53,0.11,0.09
iZu,49967,South Korea,1.02,192.1,423,126.7,0.95,285,300,161,0.67,0.71,0.38,28,47,52,47,0.11,0.12
stax,2607,South Korea,1.02,183.3,339,115.9,1.04,220,211,135,0.65,0.62,0.4,27,25,23,52,0.07,0.07
Sayaplayer,4133,South Korea,1.01,214.9,423,140.5,1.1,332,303,58,0.78,0.72,0.14,28,78,57,58,0.18,0.13
Cloy,42068,South Korea,1.01,204.2,704,131.1,0.94,502,532,200,0.71,0.76,0.28,32,70,76,48,0.1,0.11
Foxy9,42430,South Korea,1.01,193.4,339,123.4,1.18,244,207,77,0.72,0.61,0.23,29,36,34,51,0.11,0.1
SLT RedLight,69611,South Korea,1.01,191.3,546,122.3,1.02,365,359,207,0.67,0.66,0.38,20,36,33,52,0.07,0.06
MARU ANNYEON,69572,South Korea,1.01,188.9,368,122.4,0.94,250,267,140,0.68,0.73,0.38,34,17,17,50,0.05,0.05
Ssun,34236,South Korea,1,227.6,736,149.2,0.96,584,610,126,0.79,0.83,0.17,24,140,150,48,0.19,0.2
SLT Impact1,69613,South Korea,1,211.6,533,137,0.99,399,404,117,0.75,0.76,0.22,34,76,61,55,0.14,0.11
MARU oonzmlp,69573,South Korea,1,198.6,368,127.8,0.9,255,283,129,0.69,0.77,0.35,23,31,45,41,0.08,0.12
Munchkin,3114,South Korea,1,190,997,125.7,1.03,661,639,398,0.66,0.64,0.4,22,78,101,44,0.08,0.1
IAM 972,69561,South Korea,1,180.8,470,120.8,0.97,304,315,206,0.65,0.67,0.44,31,27,36,43,0.06,0.08
SeliG,20144,South Korea,0.99,215.9,572,140.5,1.01,423,419,132,0.74,0.73,0.23,26,95,103,48,0.17,0.18
ONS delas,69559,South Korea,0.98,213.8,352,141,1.02,267,262,51,0.76,0.74,0.14,24,45,57,44,0.13,0.16
SRP Manggong,69610,South Korea,0.97,192,496,123.9,0.9,333,372,157,0.67,0.75,0.32,32,34,40,46,0.07,0.08
MARU Arduino,69574,South Korea,0.96,195.8,368,132.3,0.96,260,272,82,0.71,0.74,0.22,31,25,41,38,0.07,0.11
Zest,2610,South Korea,0.96,188.9,654,125.2,1.04,436,418,180,0.67,0.64,0.28,31,42,48,47,0.06,0.07
Rap1d,42093,South Korea,0.96,184.7,1422,126.9,0.97,939,966,471,0.66,0.68,0.33,29,84,102,45,0.06,0.07
GodDead,4816,South Korea,0.96,180.7,774,116.7,0.92,498,540,308,0.64,0.7,0.4,26,50,44,53,0.06,0.06
Vow,29399,South Korea,0.95,195.3,992,135.5,0.99,696,704,246,0.7,0.71,0.25,29,78,108,42,0.08,0.11
SRP GodsB,69612,South Korea,0.95,195,496,131.3,1.02,345,338,107,0.7,0.68,0.22,25,38,43,47,0.08,0.09
Moves,4093,South Korea,0.95,192.6,590,132.3,0.95,384,405,179,0.65,0.69,0.3,25,56,59,49,0.09,0.1
Bangnan,3436,South Korea,0.94,204,404,142.1,1.01,309,305,52,0.76,0.75,0.13,33,76,68,53,0.19,0.17
Only1,62978,South Korea,0.94,198.7,361,135.4,1.01,265,263,62,0.73,0.73,0.17,23,63,50,56,0.17,0.14
emptyKR,42151,South Korea,0.94,188.8,704,130.2,0.91,462,506,212,0.66,0.72,0.3,25,72,72,50,0.1,0.1
Sunday,456,South Korea,0.94,181.3,590,123,1.02,396,390,151,0.67,0.66,0.26,29,31,30,51,0.05,0.05
kobra,4014,South Korea,0.93,210.1,467,139.5,0.93,343,369,52,0.73,0.79,0.11,29,83,83,50,0.18,0.18
allow,4094,South Korea,0.93,203.6,467,141.2,0.93,329,354,100,0.7,0.76,0.21,28,40,55,42,0.09,0.12
DK NGen,69599,South Korea,0.93,181.9,486,120.6,0.99,311,315,153,0.64,0.65,0.31,25,38,48,44,0.08,0.1
Carpe,54173,South Korea,0.88,172,423,115,0.8,247,310,141,0.58,0.73,0.33,24,30,41,42,0.07,0.1
Aru,54151,South Korea,0.88,154.3,1881,101,0.78,1041,1335,843,0.55,0.71,0.45,24,108,144,43,0.06,0.08
Efina,3393,South Korea,0.87,177.2,496,121.1,0.95,325,342,101,0.66,0.69,0.2,24,35,44,44,0.07,0.09
Lakia,3383,South Korea,0.87,168.4,997,112.7,0.84,578,686,335,0.58,0.69,0.34,26,65,98,40,0.07,0.1
pr0xy,15869,South Korea,0.85,170.7,368,117.8,0.79,216,274,119,0.59,0.74,0.32,33,21,27,44,0.06,0.07
Blueming,4394,South Korea,0.84,177.9,352,119.3,0.8,218,272,78,0.62,0.77,0.22,24,26,36,42,0.07,0.1
ONS IDG,69558,South Korea,0.84,170.4,352,111.5,0.77,201,260,112,0.57,0.74,0.32,25,22,22,50,0.06,0.06
Wavy,3445,South Korea,0.83,158.9,496,104.7,0.7,265,378,209,0.53,0.76,0.42,18,29,55,35,0.06,0.11
Medusa,725,South Korea,0.82,177.8,502,121.8,0.88,308,350,106,0.61,0.7,0.21,33,48,58,45,0.1,0.12
Pompano,11840,Mexico,1.44,252.5,342,169.8,1.47,327,222,147,0.96,0.65,0.43,35,24,12,67,0.07,0.04
Drakk,12793,Colombia,1.34,275.9,632,172.8,1.36,606,446,144,0.96,0.71,0.23,29,170,116,59,0.27,0.18
Fresht,43380,Colombia,1.25,232.4,795,157,1.32,681,516,255,0.86,0.65,0.32,36,87,30,74,0.11,0.04
Rowancy,18782,Mexico,1.22,231.4,1896,150,1.44,1602,1110,558,0.84,0.59,0.29,27,150,132,53,0.08,0.07
Chef,43387,Mexico,1.21,204,632,128.1,1.36,478,352,322,0.76,0.56,0.51,18,38,36,51,0.06,0.06
Raven,52975,Mexico,1.17,219,5499,147.8,1.19,4257,3564,2007,0.77,0.65,0.36,36,378,306,55,0.07,0.06
NHL ZIDIAN,59507,LATAM North,1.16,233.2,1011,156.3,1.21,840,696,345,0.83,0.69,0.34,17,114,114,50,0.11,0.11
Caz,2475,Puerto Rico,1.13,213.6,438,141,1.05,322,306,172,0.74,0.7,0.39,23,40,34,54,0.09,0.08
Mited,12518,Colombia,1.12,215.8,458,141.1,1.23,350,284,151,0.76,0.62,0.33,29,43,44,49,0.09,0.1
RGS Lynxz,69706,LATAM North,1.11,236,418,151.6,1.15,342,298,106,0.82,0.71,0.25,21,60,68,47,0.14,0.16
BandiCoot,2464,Colombia,1.11,202.4,1360,131.4,1.02,965,950,670,0.71,0.7,0.49,26,155,190,45,0.11,0.14
TP ezznap ,66285,LATAM North,1.09,186.8,632,116.5,1.14,420,370,296,0.66,0.59,0.47,23,52,42,55,0.08,0.07
seven,13179,Mexico,1.08,204.5,1416,132.6,1.01,996,990,570,0.7,0.7,0.4,24,108,126,46,0.08,0.09
Sam,2421,Mexico,1.07,225.9,1314,148,1.05,1038,990,246,0.79,0.75,0.19,24,222,156,59,0.17,0.12
zhOMpiRAz,14398,Mexico,1.07,207.2,322,137.7,1.09,237,218,117,0.74,0.68,0.36,24,28,30,48,0.09,0.09
Peloncito,27689,Mexico,1.07,200.6,1580,135,1.15,1115,970,535,0.71,0.61,0.34,30,110,105,51,0.07,0.07
Danielesflo,2415,Colombia,1.07,200.4,1088,132.8,1.06,748,708,476,0.69,0.65,0.44,25,64,88,42,0.06,0.08
Jow,27628,Colombia,1.06,213,916,143.8,1.09,684,626,224,0.75,0.68,0.24,40,90,72,56,0.1,0.08
nolan,2460,Colombia,1.06,206.2,530,132.9,1.19,406,342,116,0.77,0.65,0.22,28,56,34,62,0.11,0.06
vapes,11453,Colombia,1.04,198.8,1088,130.3,1.03,748,728,452,0.69,0.67,0.42,27,56,44,56,0.05,0.04
DexuzG,27623,Mexico,1.03,211.5,800,138,0.99,580,585,170,0.73,0.73,0.21,23,100,50,67,0.13,0.06
Juanito Pacheco,2470,Venezuela,1.03,210.4,350,140.3,1.18,266,226,50,0.76,0.65,0.14,21,38,24,61,0.11,0.07
Danger,11394,Colombia,1.03,183.6,1095,125.5,0.99,715,720,505,0.65,0.66,0.46,31,70,65,52,0.06,0.06
jfoeN,2459,Colombia,1.02,223.2,916,145.7,1.05,694,660,202,0.76,0.72,0.22,26,174,180,49,0.19,0.2
BetrayerN,2507,Mexico,1.01,210.8,425,149.5,1.15,305,265,105,0.72,0.62,0.25,41,35,45,44,0.08,0.11
mmonch,11911,Mexico,1.01,180.1,447,126,1.01,285,282,189,0.64,0.63,0.42,25,30,24,56,0.07,0.05
Vossu,59517,LATAM,1,176.7,382,111.3,0.91,232,255,174,0.61,0.67,0.46,29,18,31,37,0.05,0.08
HellFull,2474,Colombia,0.99,202.3,1088,133.2,1.06,776,732,244,0.71,0.67,0.22,25,104,92,53,0.1,0.08
Theory,11486,Colombia,0.99,176.9,916,115.3,0.97,566,586,410,0.62,0.64,0.45,27,44,56,44,0.05,0.06
Hotaru,59515,LATAM,0.98,186.4,440,121.6,0.91,286,316,164,0.65,0.72,0.37,23,38,40,49,0.09,0.09
gallo,59472,LATAM,0.97,206,384,140.4,0.87,252,290,128,0.66,0.76,0.33,24,34,46,43,0.09,0.12
LeeVy,27740,Colombia,0.96,195.6,876,131.4,1.01,616,608,180,0.7,0.69,0.21,31,104,92,53,0.12,0.11
benG,58650,LATAM,0.96,184.8,1704,123.5,0.93,1128,1212,542,0.66,0.71,0.32,30,104,124,46,0.06,0.07
Winter-,11694,Venezuela,0.95,181.2,384,119.6,0.87,232,268,148,0.6,0.7,0.39,24,28,36,44,0.07,0.09
Phardon,1523,Venezuela,0.94,187.7,831,131,0.94,585,621,243,0.7,0.75,0.29,23,102,84,55,0.12,0.1
Warfare,39723,LATAM North,0.94,185,615,125.3,0.92,396,429,216,0.64,0.7,0.35,37,60,54,53,0.1,0.09
brightz,44674,Venezuela,0.94,176,528,114,0.86,315,366,213,0.6,0.69,0.4,25,42,54,44,0.08,0.1
Asomy,59539,LATAM North,0.93,179.2,1116,119.1,0.96,748,776,372,0.67,0.7,0.33,24,100,100,50,0.09,0.09
Danonino,61407,Mexico,0.93,161.9,339,105.9,0.98,217,221,164,0.64,0.65,0.48,22,15,17,47,0.04,0.05
Baez,11930,Colombia,0.92,172.2,530,112.9,0.84,320,380,204,0.6,0.72,0.38,35,28,58,33,0.05,0.11
praska,27644,Venezuela,0.89,194.6,694,127.7,0.9,458,508,146,0.66,0.73,0.21,29,62,68,48,0.09,0.1
Javiierh,14393,Mexico,0.89,182.6,686,119.3,0.87,430,492,212,0.63,0.72,0.31,26,38,52,42,0.06,0.08
Ellie ,64548,Venezuela,0.89,176.8,510,121.1,0.86,314,364,156,0.62,0.71,0.31,26,18,38,32,0.04,0.07
yiinel,41915,Mexico,0.85,166.6,529,108.5,0.84,292,347,172,0.55,0.66,0.33,28,31,39,44,0.06,0.07
PANDEJALEAA,43100,Mexico,0.84,200.6,424,132.7,0.81,282,350,64,0.67,0.83,0.15,22,74,90,45,0.17,0.21
AztKk,498,Mexico,0.82,167.1,636,104.3,0.66,351,528,195,0.55,0.83,0.31,24,30,66,31,0.05,0.1
nAvarro,23044,Mexico,0.8,155.9,2810,105.6,0.79,1530,1930,905,0.54,0.69,0.32,24,185,185,50,0.07,0.07
SG Ne0,22998,LATAM North,0.79,183,321,122.6,0.8,201,252,51,0.63,0.79,0.16,16,42,60,41,0.13,0.19
monsoo,12005,Colombia,0.75,157.6,480,104.4,0.8,255,318,117,0.53,0.66,0.24,19,42,54,44,0.09,0.11
Feels,11519,Mexico,0.59,132.8,636,98.6,0.59,297,504,102,0.47,0.79,0.16,38,48,81,37,0.08,0.13
tok1o,59240,Argentina,1.38,294.4,627,190.8,1.49,621,417,129,0.99,0.67,0.21,26,150,72,68,0.24,0.11
1kuzohh,11025,Chile,1.38,280.2,1926,173.3,1.35,1851,1374,507,0.96,0.71,0.26,27,372,276,57,0.19,0.14
Feysend,14217,Chile,1.31,242.3,320,157.4,1.57,288,184,112,0.9,0.58,0.35,34,40,8,83,0.13,0.03
hops,39328,Chile,1.25,272.8,684,179.3,1.22,638,522,138,0.93,0.76,0.2,25,140,118,54,0.2,0.17
Morita,34066,Chile,1.24,255.6,417,151.7,1.19,357,300,102,0.86,0.72,0.24,29,84,81,51,0.2,0.19
sh0twell,2403,Chile,1.23,237.5,1126,151.5,1.21,906,750,450,0.8,0.67,0.4,25,142,126,53,0.13,0.11
Ruso,54645,Argentina,1.21,247.3,826,159,1.29,728,566,192,0.88,0.69,0.23,28,100,108,48,0.12,0.13
pika,35695,Argentina,1.21,222.3,594,142.5,1.25,468,375,252,0.79,0.63,0.42,31,60,21,74,0.1,0.04
conir,5456,Chile,1.21,221.6,518,143.3,1.3,412,318,198,0.8,0.61,0.38,31,44,31,59,0.08,0.06
rubkkoide,11185,Argentina,1.21,215.5,448,141.7,1.33,349,263,172,0.78,0.59,0.38,31,41,26,61,0.09,0.06
bstrdd,5444,Chile,1.2,248.2,567,160.3,1.34,505,378,97,0.89,0.67,0.17,27,107,96,53,0.19,0.17
Rco,54547,Argentina,1.19,228.4,1215,150.8,1.14,984,864,459,0.81,0.71,0.38,28,138,123,53,0.11,0.1
badzw,24821,Chile,1.17,246.3,816,161.8,1.22,696,572,184,0.85,0.7,0.23,26,188,128,59,0.23,0.16
MAZ EvoLuZionz,63904,Chile,1.17,237.6,1914,160.6,1.31,1578,1206,447,0.82,0.63,0.23,23,186,174,52,0.1,0.09
miyeon,58645,Chile,1.17,235.2,2744,151.3,1.08,2244,2072,716,0.82,0.76,0.26,26,460,384,55,0.17,0.14
Naxa,64252,Chile,1.14,253.6,408,165.3,1.15,368,320,78,0.9,0.78,0.19,21,94,74,56,0.23,0.18
meL,66248,Uruguay,1.14,250.9,440,156.4,1.24,386,312,66,0.88,0.71,0.15,27,80,82,49,0.18,0.19
Mathi,59234,Uruguay,1.14,241,1239,152.2,1.17,1056,903,216,0.85,0.73,0.17,29,261,249,51,0.21,0.2
Dantedeu5,65855,Argentina,1.14,236.3,494,151.9,1.18,408,346,106,0.83,0.7,0.21,25,79,67,54,0.16,0.14
flop1na,34960,Argentina,1.13,216.7,1074,137.7,1.09,798,735,417,0.74,0.68,0.39,25,105,102,51,0.1,0.09
Necro,57193,Chile,1.13,203.7,1280,137.9,1.12,910,815,630,0.71,0.64,0.49,28,65,105,38,0.05,0.08
kiNgg,11006,Chile,1.12,216.4,354,143.5,1.2,272,227,119,0.77,0.64,0.34,30,23,26,47,0.06,0.07
Forcee,27073,Argentina,1.12,212.9,1108,135.6,1.12,822,734,390,0.74,0.66,0.35,28,82,60,58,0.07,0.05
Leobas,540,Argentina,1.11,210.5,698,141.4,0.98,504,516,302,0.72,0.74,0.43,27,92,104,47,0.13,0.15
Saikiwi,59524,Argentina,1.1,215,382,141.2,1.04,281,269,129,0.74,0.7,0.34,32,44,36,55,0.12,0.09
fab,44493,Peru,1.1,208.5,557,135.9,1.14,423,372,185,0.76,0.67,0.33,23,54,47,53,0.1,0.08
Suther,2332,Chile,1.1,191.9,802,124.7,1.18,544,460,400,0.68,0.57,0.5,24,66,66,50,0.08,0.08
Pinky D,43790,LATAM South,1.09,236.7,385,151.9,1.09,317,292,65,0.82,0.76,0.17,28,76,63,55,0.2,0.16
kivary,10947,Chile,1.09,232.1,2748,152.7,1.1,2260,2056,472,0.82,0.75,0.17,25,512,488,51,0.19,0.18
jvhz,27500,Chile,1.09,231.7,1690,151.9,1.13,1378,1224,340,0.82,0.72,0.2,24,338,288,54,0.2,0.17
efry,50359,Peru,1.09,216.1,492,137.3,1.04,366,351,159,0.74,0.71,0.32,21,57,36,61,0.12,0.07
Adverso,2353,Chile,1.08,216,494,140.8,1.07,364,340,168,0.74,0.69,0.34,21,62,54,53,0.13,0.11
kr1ss,67241,Chile,1.08,214.8,656,145.9,1.07,490,460,210,0.75,0.7,0.32,25,44,50,47,0.07,0.08
Tio,980,Chile,1.08,211.1,1108,142,1.24,828,670,304,0.75,0.6,0.27,21,90,76,54,0.08,0.07
Zebeej,46272,Chile,1.08,203.3,2760,134.4,1.08,2028,1880,948,0.73,0.68,0.34,32,260,240,52,0.09,0.09
NicoMachine,22885,Chile,1.08,201.4,494,130.4,1,337,337,222,0.68,0.68,0.45,23,47,35,57,0.1,0.07
Flossie,34052,Argentina,1.07,220.8,384,147.4,1.03,288,279,111,0.75,0.73,0.29,19,21,21,50,0.05,0.05
LEVI,18519,Argentina,1.07,193.4,2891,127.5,1.08,1981,1841,1246,0.69,0.64,0.43,28,147,210,41,0.05,0.07
HaitaM,39616,Chile,1.06,201.8,2600,136.5,0.98,1840,1875,885,0.71,0.72,0.34,34,205,265,44,0.08,0.1
delz1k,2275,Chile,1.06,189.2,401,118.1,1.15,284,248,142,0.71,0.62,0.35,26,24,21,53,0.06,0.05
vaiZ,2397,Chile,1.05,202.5,422,132.5,1.04,284,274,156,0.67,0.65,0.37,19,36,32,53,0.09,0.08
KlosS,54552,Chile,1.05,197.8,1944,133,0.93,1280,1376,876,0.66,0.71,0.45,19,92,148,38,0.05,0.08
baekk,10977,Chile,1.05,195,1300,130.4,1.1,955,865,485,0.73,0.67,0.37,27,90,100,47,0.07,0.08
Nash,27475,Argentina,1.04,200,1239,132.1,1.14,888,777,363,0.72,0.63,0.29,27,54,51,51,0.04,0.04
HANLING,2349,Argentina,1.04,191.7,3078,128.9,1.03,2088,2034,1260,0.68,0.66,0.41,32,132,174,43,0.04,0.06
Xuto,11238,Peru,1.03,227.5,514,149.7,1.07,409,384,86,0.8,0.75,0.17,24,96,83,54,0.19,0.16
Tuli,10797,Chile,1.03,222.2,448,148.9,1.09,353,325,73,0.79,0.73,0.16,29,73,72,50,0.16,0.16
romi,34043,Chile,1.03,205.8,518,139.8,1.27,396,311,90,0.76,0.6,0.17,31,33,29,53,0.06,0.06
Pukytoo,60170,Argentina,1.02,220.9,346,145.1,0.96,265,277,76,0.77,0.8,0.22,27,75,73,51,0.22,0.21
Lynn,34041,Chile,1.02,212.5,384,146.9,1.02,297,291,66,0.77,0.76,0.17,26,84,39,68,0.22,0.1
Mizu,2264,Argentina,1.02,207.9,448,136.3,1.11,341,306,82,0.76,0.68,0.18,35,52,45,54,0.12,0.1
swaggy1911,11072,Peru,1.02,186.4,684,123.2,0.92,454,494,280,0.66,0.72,0.41,22,42,44,49,0.06,0.06
Matzdell,16606,Chile,1.01,211.6,1976,138.7,0.99,1452,1472,512,0.73,0.74,0.26,24,240,252,49,0.12,0.13
Alejandrinho,2273,Chile,1.01,211.6,348,135.1,1.06,263,248,57,0.76,0.71,0.16,23,58,41,59,0.17,0.12
micaela,34898,Argentina,1.01,202.4,518,138.3,1,363,362,152,0.7,0.7,0.29,30,66,69,49,0.13,0.13
nicky,64223,Argentina,1.01,187.7,676,122,0.96,438,458,264,0.65,0.68,0.39,29,42,36,54,0.06,0.05
Tehx,2379,Chile,0.99,220.9,1384,149.6,1.01,1056,1044,232,0.76,0.75,0.17,16,224,216,51,0.16,0.16
nati,65645,Chile,0.99,199.8,440,128.8,1.02,312,306,90,0.71,0.7,0.2,40,30,30,50,0.07,0.07
bnj,957,Argentina,0.99,188.2,831,125.7,1.14,573,504,228,0.69,0.61,0.27,33,48,72,40,0.06,0.09
ama,63561,Argentina,0.99,177.3,702,110,0.81,414,513,396,0.59,0.73,0.56,21,36,66,35,0.05,0.09
NagZet,960,Chile,0.98,204.6,401,142,1.16,282,243,89,0.7,0.61,0.22,22,24,26,48,0.06,0.06
reshi,35896,Argentina,0.98,202.8,384,139.8,1.02,276,270,108,0.72,0.7,0.28,24,36,21,63,0.09,0.05
Crazy NY,68094,Chile,0.98,201.5,870,134.5,1.02,614,600,228,0.71,0.69,0.26,31,59,64,48,0.07,0.07
Julipe,34048,Argentina,0.98,196.7,716,131.2,0.99,480,486,218,0.67,0.68,0.3,21,34,58,37,0.05,0.08
Nufes,50365,Chile,0.98,194.7,2552,131.8,0.93,1712,1832,808,0.67,0.72,0.32,19,216,192,53,0.08,0.08
Sayled,10945,Peru,0.98,186.4,557,123.7,0.85,343,403,249,0.62,0.72,0.45,24,43,40,52,0.08,0.07
poniX,34072,Chile,0.98,178.8,338,118.8,1.02,224,220,95,0.66,0.65,0.28,31,14,19,42,0.04,0.06
KNZY,10831,Chile,0.98,170.4,2568,115.1,0.95,1580,1668,1144,0.62,0.65,0.45,21,140,116,55,0.05,0.05
Santiiii27,27542,Argentina,0.97,214.4,390,134.7,0.93,291,312,63,0.75,0.8,0.16,22,63,78,45,0.16,0.2
alca,2307,Chile,0.97,200.1,1840,131.9,0.98,1264,1292,480,0.69,0.7,0.26,29,176,168,51,0.1,0.09
Tinchoff ,2348,Argentina,0.97,195.7,494,129.9,1.2,355,296,80,0.72,0.6,0.16,31,46,35,57,0.09,0.07
Zhelick,49467,Peru,0.97,193.1,1012,133.4,0.95,704,738,278,0.7,0.73,0.27,26,114,102,53,0.11,0.1
jotinha,14268,Argentina,0.97,188.7,2061,124.6,0.91,1311,1446,777,0.64,0.7,0.38,31,168,186,47,0.08,0.09
Fross,3320,Chile,0.97,188.3,887,119.4,0.93,576,620,319,0.65,0.7,0.36,22,66,81,45,0.07,0.09
Mtzz,2268,Chile,0.96,185.1,746,120.8,0.93,478,516,288,0.64,0.69,0.39,24,44,64,41,0.06,0.09
Saadhak,539,Argentina,0.95,192.9,622,127.5,0.89,396,445,237,0.64,0.72,0.38,18,53,79,40,0.09,0.13
LeoZ,39296,Argentina,0.95,182.6,794,120.6,0.92,494,536,290,0.62,0.68,0.37,29,62,52,54,0.08,0.07
Cebando,11158,Argentina,0.95,166.4,494,107.5,0.93,295,316,197,0.6,0.64,0.4,36,31,39,44,0.06,0.08
Grimmjow,51952,Peru,0.94,194.1,1518,126.6,0.93,1044,1119,363,0.69,0.74,0.24,22,111,156,42,0.07,0.1
fasuu,64064,Argentina,0.93,192.7,304,125.2,0.81,204,252,80,0.67,0.83,0.26,39,20,32,38,0.07,0.11
Mazino,13379,Chile,0.93,179.3,354,118.6,0.91,222,245,117,0.63,0.69,0.33,29,24,33,42,0.07,0.09
Adenina,34959,Uruguay,0.91,170.3,338,110.5,0.98,210,214,114,0.62,0.63,0.34,22,15,26,37,0.04,0.08
GioRuu,14451,Chile,0.9,180.5,830,121.9,0.94,538,572,172,0.65,0.69,0.21,32,64,44,59,0.08,0.05
Neto,27075,Argentina,0.89,199,1026,129.8,1,720,720,130,0.7,0.7,0.13,27,140,160,47,0.14,0.16
sdufen,2341,Argentina,0.89,186.1,390,125.1,0.78,243,312,114,0.62,0.8,0.29,16,30,33,48,0.08,0.08
delusion,2534,Chile,0.89,183.3,564,119.7,0.88,375,426,135,0.66,0.76,0.24,26,30,48,38,0.05,0.09
Closer,11393,Argentina,0.88,182.4,1299,125.1,0.88,810,924,411,0.62,0.71,0.32,22,90,111,45,0.07,0.09
gaabxx,3094,Argentina,0.88,177,485,116.7,1,294,295,145,0.61,0.61,0.3,24,39,49,44,0.08,0.1
deigara,20048,Argentina,0.88,177,448,116.2,0.85,271,319,140,0.6,0.71,0.31,31,40,50,44,0.09,0.11
Jey,54546,Chile,0.87,152.4,382,96,0.64,174,270,236,0.46,0.71,0.62,23,24,30,44,0.06,0.08
frantastic,32529,Chile,0.79,154.7,384,100.8,0.73,210,288,123,0.55,0.75,0.32,20,36,42,46,0.09,0.11
MiwaS,34099,Chile,0.78,159.3,672,110.1,0.69,360,525,261,0.54,0.78,0.39,24,27,69,28,0.04,0.1
Azul,34039,Argentina,0.78,157,384,99.6,0.67,210,312,132,0.55,0.81,0.34,33,15,69,18,0.04,0.18
xcz,3017,Argentina,0.78,147,924,100.8,0.78,470,604,314,0.51,0.65,0.34,25,32,46,41,0.03,0.05
Pr1cE,53771,Argentina,0.73,143.1,538,95.1,0.56,256,456,210,0.48,0.85,0.39,27,32,40,44,0.06,0.07
McFly,34085,Chile,0.66,142,526,97.6,0.68,262,384,128,0.5,0.73,0.24,26,38,54,41,0.07,0.1
Jazzy,70514,Argentina,0.57,119.6,348,81.5,0.59,142,240,74,0.41,0.69,0.21,24,8,30,21,0.02,0.09
miku,33821,United States,1.57,333.8,445,213,1.52,495,325,100,1.11,0.73,0.22,22,130,60,68,0.29,0.13
florescent,30049,Canada,1.51,298.8,5345,190.1,1.57,5595,3570,1310,1.05,0.67,0.25,27,905,625,59,0.17,0.12
TAMU austifrosti,55726,North America,1.5,292.9,354,184.2,1.5,358,238,102,1.01,0.67,0.29,15,80,30,73,0.23,0.08
MEOW maryna,68378,North America,1.36,251.6,343,155.3,1.43,305,213,132,0.89,0.62,0.38,33,41,20,67,0.12,0.06
LS sym,69258,North America,1.35,277.7,448,176.2,1.23,424,344,120,0.95,0.77,0.27,32,118,75,61,0.26,0.17
mada,5579,Canada,1.34,285.4,490,183,1.37,486,354,90,0.99,0.72,0.18,25,122,74,62,0.25,0.15
DOG edith,68362,North America,1.34,272.4,332,169.8,1.57,321,205,54,0.97,0.62,0.16,27,72,36,67,0.22,0.11
zeldris,23407,United States,1.32,279.5,1674,175,1.39,1638,1176,270,0.98,0.7,0.16,23,398,236,63,0.24,0.14
Tanjiro,9751,North America,1.32,260.2,315,179.6,1.55,297,192,69,0.94,0.61,0.22,29,30,27,53,0.1,0.09
PowerPixele,31944,North America,1.3,235.7,426,151.7,1.22,342,280,240,0.8,0.66,0.56,21,30,30,50,0.07,0.07
Kyu,43964,Canada,1.29,252.5,3430,161.5,1.32,3010,2275,1115,0.88,0.66,0.33,29,435,425,51,0.13,0.12
TDY strawberry,68334,North America,1.28,255,442,162.5,1.47,404,275,86,0.91,0.62,0.19,22,38,24,61,0.09,0.05
kray,64895,North America,1.28,244.3,406,162.4,1.39,350,252,158,0.86,0.62,0.39,28,40,32,56,0.1,0.08
lazy,57011,North America,1.27,274,826,178,1.2,768,638,170,0.93,0.77,0.21,25,188,128,59,0.23,0.15
1337 sonofcar,68631,North America,1.27,268.8,702,177.6,1.31,660,504,138,0.94,0.72,0.2,25,164,95,63,0.23,0.14
furbsa,33567,United States,1.27,268.5,2580,168.3,1.22,2356,1932,528,0.91,0.75,0.2,27,628,404,61,0.24,0.16
c4Lypso,434,Canada,1.27,244.2,3396,157.1,1.34,3024,2260,996,0.89,0.67,0.29,36,440,300,59,0.13,0.09
Australis,26179,North America,1.27,236.9,5580,153,1.32,4617,3510,2430,0.83,0.63,0.44,23,612,360,63,0.11,0.06
PapaSmurf,25939,United States,1.27,231.3,2156,148.7,1.24,1778,1435,917,0.82,0.67,0.43,21,175,133,57,0.08,0.06
zerona,23287,North America,1.27,221.5,330,137.4,1.14,250,220,160,0.76,0.67,0.48,26,60,40,60,0.18,0.12
Inah,63503,North America,1.26,274.4,414,185.3,1.3,405,312,84,0.98,0.75,0.2,27,69,78,47,0.17,0.19
Reduxx,13080,United States,1.26,262,500,163.3,1.24,458,368,96,0.92,0.74,0.19,22,114,82,58,0.23,0.16
OXY,30814,United States,1.24,266.2,796,169,1.13,732,648,148,0.92,0.81,0.19,30,188,154,55,0.24,0.19
slandy,21375,United States,1.24,221.1,2842,136.6,1.2,2107,1757,1379,0.74,0.62,0.49,23,266,175,60,0.09,0.06
klaudia,25834,United States,1.24,215,2312,139.5,1.18,1744,1472,1360,0.75,0.64,0.59,28,180,124,59,0.08,0.05
Pa1nt,34163,North America,1.23,262.1,8078,164.5,1.23,7322,5957,1365,0.91,0.74,0.17,28,2058,1393,60,0.25,0.17
RYZE nightz1x,68914,North America,1.23,261.2,430,167.4,1.14,376,331,125,0.87,0.77,0.29,38,90,93,49,0.21,0.22
req,42229,North America,1.23,251.8,795,165.3,1.32,720,546,114,0.91,0.69,0.14,37,183,117,61,0.23,0.15
N4RRATE,59947,North America,1.23,240.3,741,158.9,1.24,625,505,250,0.84,0.68,0.34,26,84,64,57,0.11,0.09
v1c,31201,United States,1.23,234.8,1225,151.5,1.25,990,790,480,0.81,0.64,0.39,24,140,55,72,0.11,0.04
Okeanos,6854,United States,1.22,254,4296,163.9,1.19,3798,3204,834,0.88,0.75,0.19,24,990,750,57,0.23,0.17
LunaFox,30083,United States,1.22,214,4890,138.6,1.14,3560,3120,2800,0.73,0.64,0.57,29,390,450,46,0.08,0.09
Scottie,52967,United States,1.21,248.2,1076,166.1,1.43,964,672,224,0.9,0.62,0.21,30,128,104,55,0.12,0.1
tb alitheowbot,68710,North America,1.21,238.2,413,152.6,1.22,349,286,122,0.85,0.69,0.3,31,52,48,52,0.13,0.12
TDY calsushi,68335,North America,1.21,225.2,585,147.9,1.22,458,375,210,0.78,0.64,0.36,30,37,23,62,0.06,0.04
akaL4CE,21419,United States,1.21,224.1,6912,143.8,1.28,5440,4256,2528,0.79,0.62,0.37,31,584,352,62,0.08,0.05
JSUNG,13209,United States,1.21,216.5,948,145.9,1.2,748,622,372,0.79,0.66,0.39,39,70,46,60,0.07,0.05
RENZ,1858,United States,1.2,222,360,145,1.41,291,207,99,0.81,0.58,0.28,27,36,24,60,0.1,0.07
VL XnB ,68765,North America,1.2,211.9,525,135.8,1.16,393,340,283,0.75,0.65,0.54,29,26,37,41,0.05,0.07
MELYA,32445,United States,1.19,253.9,1113,169.5,1.21,938,777,329,0.84,0.7,0.3,22,119,98,55,0.11,0.09
penny,12735,Canada,1.19,252,1022,168.2,1.24,870,704,238,0.85,0.69,0.23,21,152,110,58,0.15,0.11
DOG riv,68361,North America,1.19,239.6,332,147.5,1.3,271,209,75,0.82,0.63,0.23,21,40,28,59,0.12,0.08
CC sacred,69337,North America,1.19,235.7,310,151.9,1.21,261,216,80,0.84,0.7,0.26,32,38,35,52,0.12,0.11
cindy,64932,North America,1.19,223.7,318,147.6,1.36,261,192,90,0.82,0.6,0.28,24,15,21,42,0.05,0.07
Wedid,1774,Canada,1.19,222.5,1632,147.5,1.16,1272,1092,624,0.78,0.67,0.38,32,108,138,44,0.07,0.08
toozy,32671,United States,1.19,216.5,1105,139.6,1.29,840,650,505,0.76,0.59,0.46,25,95,70,58,0.09,0.06
Dinxx,5000,Canada,1.18,257.1,441,177.1,1.25,402,321,51,0.91,0.73,0.12,28,54,69,44,0.12,0.16
MFC Kaoticcc,69231,North America,1.18,255.4,348,165.4,1.15,307,268,67,0.88,0.77,0.19,33,82,73,53,0.24,0.21
zekken,12559,United States,1.18,251.8,968,161,1.18,840,709,190,0.87,0.73,0.2,23,214,172,55,0.22,0.18
winter,64892,North America,1.18,248.4,406,166.1,1.29,328,254,94,0.81,0.63,0.23,20,58,14,81,0.14,0.03
505 cactus,69016,North America,1.18,241.8,314,159.9,1.19,268,225,66,0.85,0.72,0.21,28,42,27,61,0.13,0.09
corey,964,United States,1.18,232.3,1088,155.3,1.16,872,752,356,0.8,0.69,0.33,26,196,136,59,0.18,0.13
geeza,13065,United States,1.18,230.1,2058,150.3,1.4,1803,1290,330,0.88,0.63,0.16,34,228,144,61,0.11,0.07
NBG zeek,68702,North America,1.18,228.9,480,147.7,1.13,375,331,183,0.78,0.69,0.38,29,71,67,51,0.15,0.14
leah,64894,North America,1.18,217.8,812,147.7,1.31,664,508,300,0.82,0.63,0.37,31,60,36,63,0.07,0.04
zeek,45383,Canada,1.18,215.7,840,134.6,1.07,616,574,385,0.73,0.68,0.46,21,91,63,59,0.11,0.08
TenZ,265,Canada,1.18,212,968,135.5,1.09,721,663,477,0.74,0.68,0.49,27,103,80,56,0.11,0.08
lucas,30190,North America,1.18,199.9,678,131,1.15,486,423,366,0.72,0.62,0.54,35,36,33,52,0.05,0.05
miniature,1891,United States,1.17,247.3,741,160.4,1.14,618,543,177,0.83,0.73,0.24,21,159,123,56,0.21,0.17
Rythm,19850,North America,1.17,234.8,522,158.5,1.31,426,324,138,0.82,0.62,0.26,25,54,24,69,0.1,0.05
PRACTOTHINGS,56794,North America,1.17,231.2,1388,155.5,1.06,1120,1056,476,0.81,0.76,0.34,33,96,100,49,0.07,0.07
Entri,37692,North America,1.17,230.2,920,149.6,1.39,800,575,150,0.87,0.63,0.16,25,130,85,60,0.14,0.09
MFC req,69228,North America,1.17,224.6,348,146.7,1.26,284,226,98,0.82,0.65,0.28,51,19,19,50,0.05,0.05
Playboi Joe,4797,United States,1.17,214.7,312,141.5,1.22,228,187,157,0.73,0.6,0.5,27,17,19,47,0.05,0.06
TB kray,69111,North America,1.17,211.4,303,135,1.12,227,203,123,0.75,0.67,0.41,26,29,16,64,0.1,0.05
Zamal,48611,North America,1.16,257.2,525,165.3,1.09,448,412,111,0.85,0.78,0.21,26,133,122,52,0.25,0.23
BURG alvin,68962,North America,1.16,256,558,165.9,1.13,482,425,107,0.86,0.76,0.19,27,108,115,48,0.19,0.21
SwayZ,14560,United States,1.16,245.9,1136,161,1.24,1006,810,164,0.89,0.71,0.14,31,226,182,55,0.2,0.16
OneSnipeKO,6962,Canada,1.16,230.3,1976,150.8,1.23,1672,1360,360,0.85,0.69,0.18,26,224,152,60,0.11,0.08
Omniscient,57010,North America,1.16,228.1,826,147.4,1.18,670,568,240,0.81,0.69,0.29,26,78,84,48,0.09,0.1
cavern,1920,United States,1.16,209.8,512,136.5,1.03,372,360,256,0.73,0.7,0.5,28,8,40,17,0.02,0.08
Biffy,59781,United States,1.15,240.8,1345,153.6,1.2,1150,955,200,0.86,0.71,0.15,32,290,260,53,0.22,0.19
mikeE,64514,North America,1.15,233.3,3580,156,1.3,3030,2330,690,0.85,0.65,0.19,34,330,300,52,0.09,0.08
Ponder,30880,North America,1.15,231.2,404,154.1,1.17,326,278,116,0.81,0.69,0.29,34,42,40,51,0.1,0.1
StarBound,25656,Canada,1.15,225.3,3090,151.4,1.47,2535,1722,660,0.82,0.56,0.21,21,237,171,58,0.08,0.06
Ravage,35005,North America,1.15,218.6,548,138.9,1.09,402,370,222,0.73,0.68,0.41,26,52,28,65,0.09,0.05
A1MBOT,63329,North America,1.15,216.6,840,138.9,1.25,670,534,252,0.8,0.64,0.3,34,54,46,54,0.06,0.05
koalanoob,3227,Canada,1.15,215.2,432,136,1.23,344,280,146,0.8,0.65,0.34,19,58,40,59,0.13,0.09
jocuS,65194,North America,1.15,212.4,459,137.4,1.1,318,288,237,0.69,0.63,0.52,22,27,15,64,0.06,0.03
CC kushay cap,69338,North America,1.15,210.8,310,138.7,1.13,232,205,142,0.75,0.66,0.46,31,35,33,51,0.11,0.11
evv,50237,Canada,1.15,210.6,5877,137,1.2,4464,3726,2376,0.76,0.63,0.4,32,423,333,56,0.07,0.06
wPanda,43269,North America,1.15,208.7,404,133.3,1.06,288,272,194,0.71,0.67,0.48,30,36,28,56,0.09,0.07
PP KARRA,68330,North America,1.15,203.9,484,133.7,1.26,361,287,203,0.75,0.59,0.42,33,40,30,57,0.08,0.06
Elab0rate,25976,North America,1.14,243.8,988,160.2,1.16,852,732,208,0.86,0.74,0.21,21,152,88,63,0.15,0.09
Jazzyk1ns,666,Canada,1.14,232.7,2091,155.6,1.27,1686,1329,480,0.81,0.64,0.23,23,276,243,53,0.13,0.12
ROOMPA,33391,North America,1.14,222.4,3396,146.2,1.23,2636,2144,1056,0.78,0.63,0.31,36,236,220,52,0.07,0.06
welyy,29188,North America,1.14,214.2,4360,143.3,1.17,3184,2728,1736,0.73,0.63,0.4,29,320,280,53,0.07,0.06
LS Recoil,69259,North America,1.14,213.3,448,141.2,1.18,348,295,156,0.78,0.66,0.35,34,18,24,43,0.04,0.05
Dark3st,6820,United States,1.14,213,1671,137.7,1.2,1260,1053,639,0.75,0.63,0.38,29,186,135,58,0.11,0.08
GLYPH,6760,United States,1.14,209.2,545,138.5,1.13,390,345,265,0.72,0.63,0.49,22,50,40,56,0.09,0.07
LFCS nexes,68431,North America,1.13,255.1,502,170.2,1.09,440,402,85,0.88,0.8,0.17,31,125,114,52,0.25,0.23
rayne,59790,North America,1.13,244.8,2730,158.9,1.09,2310,2121,455,0.85,0.78,0.17,26,658,469,58,0.24,0.17
WTP i love mina,68721,North America,1.13,242.9,425,157.4,1.22,357,293,78,0.84,0.69,0.18,23,74,65,53,0.17,0.15
tb zeronaaa,68707,North America,1.13,229.4,413,154.9,1.12,330,295,102,0.8,0.71,0.25,35,44,38,54,0.11,0.09
Silenx,1869,United States,1.13,223.3,1908,144,1.18,1520,1292,488,0.8,0.68,0.26,29,244,184,57,0.13,0.1
Town,15631,United States,1.13,216.3,340,132.5,1.08,264,244,112,0.78,0.72,0.33,25,32,12,73,0.09,0.04
Andersin,1927,United States,1.13,215.3,2276,141,1.14,1708,1496,844,0.75,0.66,0.37,24,240,202,54,0.11,0.09
Potatoe,6828,United States,1.13,204.6,820,130.3,1.09,576,528,372,0.7,0.64,0.45,21,68,40,63,0.08,0.05
Squirmer,42037,North America,1.13,201.1,807,128.2,1.07,582,546,363,0.72,0.68,0.45,28,45,60,43,0.06,0.07
Harmful,1264,United States,1.12,234.1,1344,148.9,1.16,1104,948,195,0.82,0.71,0.15,35,270,210,56,0.2,0.16
dragon,8231,Australia,1.23,226.7,554,144.1,1.33,440,330,252,0.79,0.6,0.45,33,42,60,41,0.08,0.11
FETA,53540,New Zealand,1.2,262.9,1020,167.8,1.25,909,726,156,0.89,0.71,0.15,29,231,171,57,0.23,0.17
Exirst,37422,Oceania,1.2,246.1,618,163.2,1.31,544,416,84,0.88,0.67,0.14,30,94,46,67,0.15,0.07
poof,54010,Oceania,1.18,245.5,588,156.6,1.21,514,426,100,0.87,0.72,0.17,34,88,84,51,0.15,0.14
M1kE,5027,Australia,1.18,245.1,927,166.2,1.27,798,627,174,0.86,0.68,0.19,28,102,102,50,0.11,0.11
Sinaway,49895,Australia,1.18,239,1360,157.5,1.31,1156,880,268,0.85,0.65,0.2,35,128,100,56,0.09,0.07
pyua,2786,Australia,1.16,238.1,354,156.4,1.19,290,244,92,0.82,0.69,0.26,36,28,24,54,0.08,0.07
signed,2835,New Zealand,1.16,218,554,143.6,1.34,440,328,168,0.79,0.59,0.3,28,42,26,62,0.08,0.05
phi,21799,Oceania,1.15,204.8,432,132.4,1.13,308,272,204,0.71,0.63,0.47,26,42,18,70,0.1,0.04
McKinley,21789,Australia,1.14,218,680,146.1,1.23,528,428,194,0.78,0.63,0.29,28,44,38,54,0.06,0.06
IKANA,44764,Australia,1.14,211.1,516,137.7,1.19,382,320,202,0.74,0.62,0.39,30,24,28,46,0.05,0.05
PeacefulBonobo,55945,Australia,1.13,230.9,578,153.2,1.16,472,408,110,0.82,0.71,0.19,30,90,58,61,0.16,0.1
Nozz,2834,Australia,1.13,207.7,460,139.7,1.1,322,292,248,0.7,0.63,0.54,30,32,32,50,0.07,0.07
Bob,2850,Australia,1.12,209.8,2570,142.6,1.28,1980,1550,805,0.77,0.6,0.31,33,180,100,64,0.07,0.04
ezk,37532,Australia,1.11,237.6,518,154.2,1.07,420,394,136,0.81,0.76,0.26,17,62,64,49,0.12,0.12
AZN Zauqk,49896,Oceania,1.09,210.9,690,140.3,1.13,525,465,210,0.76,0.67,0.3,22,54,39,58,0.08,0.06
gloom,5082,Australia,1.09,196.6,472,129.1,1.01,320,318,218,0.68,0.67,0.46,22,44,44,50,0.09,0.09
lg1c,27750,Australia,1.08,218.3,518,143.9,1.24,424,342,76,0.82,0.66,0.15,30,96,62,61,0.19,0.12
EX spartabang,66864,Oceania,1.08,197.9,314,137.6,0.92,212,230,162,0.68,0.73,0.52,24,22,10,69,0.07,0.03
autumn,2874,Australia,1.07,226.6,396,154.5,0.99,258,261,69,0.65,0.66,0.17,27,57,21,73,0.14,0.05
Mai Shiu,26351,New Zealand,1.07,200,578,130.5,1.06,408,384,194,0.71,0.66,0.34,29,54,22,71,0.09,0.04
SneakZ,3742,Australia,1.05,220.9,384,139.9,1.08,304,282,60,0.79,0.73,0.16,26,28,30,48,0.07,0.08
exempt ,2819,Australia,1.02,179.5,598,118.1,0.91,374,410,284,0.63,0.69,0.47,32,18,12,60,0.03,0.02
zenox,54019,Australia,1.01,222.3,398,152.2,1.04,306,294,72,0.77,0.74,0.18,24,52,56,48,0.13,0.14
Minimise,5170,Australia,1.01,187.6,554,121.8,0.91,362,396,234,0.65,0.71,0.42,21,44,66,40,0.08,0.12
Alucard,37331,Australia,1,196.8,432,133.8,1.05,288,274,140,0.67,0.63,0.32,22,24,38,39,0.06,0.09
Songry,30109,Australia,1,186.5,518,121.7,0.85,324,382,234,0.63,0.74,0.45,27,46,40,53,0.09,0.08
Ramen,18043,Australia,0.98,197.9,516,132.3,1.05,358,342,128,0.69,0.66,0.25,24,20,28,42,0.04,0.05
borck,55932,Australia,0.97,204.1,574,136.3,0.93,398,426,154,0.69,0.74,0.27,20,56,68,45,0.1,0.12
BiggieCheese,53525,New Zealand,0.97,188.7,1020,126.3,0.95,663,696,312,0.65,0.68,0.31,28,66,102,39,0.06,0.1
Virx,37371,Australia,0.95,211,384,140.1,0.96,266,276,54,0.69,0.72,0.14,25,46,36,56,0.12,0.09
VIZSLA,53927,Oceania,0.94,203.5,338,140.4,1.04,234,224,78,0.69,0.66,0.23,32,38,40,49,0.11,0.12
rDeeW,2912,Australia,0.94,195.5,831,128.5,1.03,579,561,159,0.7,0.68,0.19,22,78,81,49,0.09,0.1
Rags2Riches,37479,Australia,0.94,186.5,861,124.6,0.88,552,630,291,0.64,0.73,0.34,26,66,81,45,0.08,0.09
Wodz,17497,Australia,0.93,192,354,132.6,0.88,236,268,112,0.67,0.76,0.32,30,10,30,25,0.03,0.08
iBrocky,17535,Australia,0.92,194.4,861,131.5,1.06,582,549,180,0.68,0.64,0.21,26,69,78,47,0.08,0.09
Noir,26336,Australia,0.87,176.5,861,118.8,0.82,528,642,222,0.61,0.75,0.26,27,54,90,38,0.06,0.1
RESLYDE,64829,Oceania,0.87,174.6,384,123.7,0.86,240,280,104,0.63,0.73,0.27,28,18,42,30,0.05,0.11
Riv,24787,Australia,0.86,181.3,370,118.3,0.94,230,245,85,0.62,0.66,0.23,27,5,30,14,0.01,0.08
Muzz,37492,Australia,0.86,178.3,690,125,0.95,438,462,132,0.63,0.67,0.19,32,63,63,50,0.09,0.09
SUAVE,4164,Australia,0.86,162.7,406,108.3,0.83,232,278,144,0.57,0.68,0.35,28,36,30,55,0.09,0.07
MirzAA,2793,Australia,0.85,166.3,579,106.9,0.79,333,423,213,0.58,0.73,0.37,23,27,57,32,0.05,0.1
Whats Wong,54013,Australia,0.85,159.2,882,107.1,0.79,492,624,339,0.56,0.71,0.38,29,36,57,39,0.04,0.06
lou,21790,Australia,0.82,148.7,618,94.4,0.74,312,424,234,0.5,0.69,0.38,27,20,36,36,0.03,0.06
Huntr,17469,Oceania,0.81,170.3,354,119.7,0.75,202,268,106,0.57,0.76,0.3,24,18,30,38,0.05,0.08
sunghoon ?? ? ??,53541,Oceania,0.79,194.4,354,125.9,0.72,224,310,70,0.63,0.88,0.2,25,76,106,42,0.21,0.3
MILKY,35348,Australia,0.79,155.5,891,107.9,0.74,468,633,315,0.53,0.71,0.35,20,51,87,37,0.06,0.1
APK kaajak,67820,World,1.4,270.3,379,168.3,1.57,372,237,78,0.98,0.63,0.21,41,89,39,70,0.23,0.1
JuW,33670,Guatemala,1.38,277.4,458,167.8,1.5,440,294,91,0.96,0.64,0.2,23,103,56,65,0.22,0.12
AKV mmonch ,69707,World,1.36,261.3,355,171.6,1.71,340,199,91,0.96,0.56,0.26,29,37,19,66,0.1,0.05
Akai,9443,United Arab Emirates,1.32,274.2,1389,174.6,1.33,1343,1011,248,0.97,0.73,0.18,26,302,210,59,0.22,0.15
Dods,70023,World,1.31,256.3,518,163.5,1.26,456,363,174,0.88,0.7,0.34,29,85,64,57,0.16,0.12
sonder,15324,China,1.24,213.7,4120,132.7,1.07,2992,2784,2504,0.73,0.68,0.61,25,332,416,44,0.08,0.1
Toro,44653,World,1.23,225.4,1029,144.7,1.25,855,684,375,0.83,0.66,0.36,34,99,60,62,0.1,0.06
AKV Ivy,69711,World,1.23,224.2,355,141.2,1.4,284,203,140,0.8,0.57,0.39,34,49,27,64,0.14,0.08
Pxmihlog,59920,Vietnam,1.22,217.1,346,139.3,1.23,272,221,148,0.79,0.64,0.43,30,24,16,60,0.07,0.05
Mabuchi,41381,Qatar,1.21,258,620,165.7,1.28,551,430,105,0.89,0.69,0.17,26,103,76,58,0.17,0.12
ZMART,29346,Algeria,1.2,252.5,674,161.9,1.2,589,489,125,0.87,0.73,0.19,27,158,119,57,0.23,0.18
infiltrator,13084,Vietnam,1.19,255.7,1974,167.7,1.16,1770,1530,324,0.9,0.78,0.16,27,423,345,55,0.21,0.17
Wety,56008,World,1.19,253.5,816,168.3,1.18,726,615,150,0.89,0.75,0.18,30,141,132,52,0.17,0.16
moefcute,25388,Vietnam,1.19,252,514,162.6,1.19,466,392,74,0.91,0.76,0.14,33,94,100,48,0.18,0.19
Srx,45784,Saudi Arabia,1.18,260.2,2667,170.2,1.13,2355,2082,516,0.88,0.78,0.19,27,651,621,51,0.24,0.23
Fotzy,53406,World,1.18,228.1,657,153.8,1.1,540,492,231,0.82,0.75,0.35,38,81,51,61,0.12,0.08
MR x glyph,69526,World,1.18,225.7,314,146.9,1.12,244,218,125,0.78,0.69,0.4,29,28,22,56,0.09,0.07
avez,42367,Egypt,1.18,225.5,680,149,1.22,530,434,263,0.78,0.64,0.39,28,59,58,50,0.09,0.09
Moh,9819,Saudi Arabia,1.18,225.3,1422,145.1,1.31,1148,876,421,0.81,0.62,0.3,28,160,122,57,0.11,0.09
Dario Peek,54654,World,1.17,247.7,2310,159.5,1.13,1965,1735,525,0.85,0.75,0.23,26,510,305,63,0.22,0.13
ALIVE,868,Israel,1.17,247.3,488,163,1.26,429,341,77,0.88,0.7,0.16,27,84,73,54,0.17,0.15
maple,47791,China,1.17,244.3,1688,149.8,1.13,1420,1252,312,0.84,0.74,0.18,21,392,324,55,0.23,0.19
SimonD4rk,1353,Belarus,1.17,241.3,2214,157.4,1.29,1905,1473,396,0.86,0.67,0.18,22,369,327,53,0.17,0.15
Suka,14024,Vietnam,1.17,223.4,692,143.5,1.09,534,488,300,0.77,0.71,0.43,26,80,76,51,0.12,0.11
9Z mozen,69516,World,1.17,219.2,448,145.9,1.27,353,278,160,0.79,0.62,0.36,30,31,18,63,0.07,0.04
6K Mephist0,69520,World,1.16,254.3,562,163.3,1.14,492,433,99,0.88,0.77,0.18,24,116,100,54,0.21,0.18
Hyzee,2693,Vietnam,1.16,225.9,438,148.9,1.12,348,310,154,0.79,0.71,0.35,40,44,28,61,0.1,0.06
WinteryRook,5711,Belarus,1.16,219.4,1476,137.9,1.18,1144,966,508,0.78,0.65,0.34,30,172,156,52,0.12,0.11
lassitude,45798,World,1.16,217,480,143.3,1.15,374,325,154,0.78,0.68,0.32,35,42,25,63,0.09,0.05
zeddy,189,Belarus,1.16,208,412,132.9,1.22,305,250,187,0.74,0.61,0.45,24,38,41,48,0.09,0.1
AKV LiNLiN ,69712,World,1.16,203.5,355,135.4,1.13,251,223,183,0.71,0.63,0.52,35,32,22,59,0.09,0.06
7ssk7,236,Belarus,1.16,189.7,680,117,1.23,468,381,385,0.69,0.56,0.57,30,40,36,53,0.06,0.05
IceyKL,34699,Guatemala,1.15,213.7,1086,133.6,1.19,846,708,384,0.78,0.65,0.35,28,72,72,50,0.07,0.07
KHaaLiD,9818,Saudi Arabia,1.15,210.8,1422,140.7,1.18,1044,885,589,0.73,0.62,0.41,31,120,98,55,0.08,0.07
Zneva,35613,Israel,1.14,221.9,828,144.2,1.21,675,558,192,0.82,0.67,0.23,30,69,75,48,0.08,0.09
lazylion,19885,Vietnam,1.14,220.8,3850,146.4,1.22,2935,2415,1180,0.76,0.63,0.31,25,395,290,58,0.1,0.08
RGS Melsm ,69727,World,1.14,207.3,490,134.1,1.07,354,330,229,0.72,0.67,0.47,23,56,53,51,0.11,0.11
Fr1,5822,United Arab Emirates,1.13,249.2,2874,158.3,1.14,2520,2208,339,0.88,0.77,0.12,34,678,615,52,0.24,0.21
ExiT,26403,Saudi Arabia,1.13,236.7,1632,153.9,1.18,1358,1153,369,0.83,0.71,0.23,24,229,207,53,0.14,0.13
jas0n,45242,China,1.13,228.6,2522,150.4,1.27,2080,1638,442,0.82,0.65,0.18,26,364,299,55,0.14,0.12
KssarPlayz,45794,Saudi Arabia,1.12,240,4896,159.8,1.13,4029,3561,1026,0.82,0.73,0.21,24,831,741,53,0.17,0.15
Acerola,25352,Vietnam,1.11,210.9,514,137.5,1.13,380,336,182,0.74,0.65,0.35,32,44,34,56,0.09,0.07
karie,30081,Fiji,1.1,226.7,2540,150.7,1.15,2056,1788,468,0.81,0.7,0.18,29,260,200,57,0.1,0.08
Bones,13178,Vietnam,1.1,210.7,2555,132.6,1.1,1935,1765,870,0.76,0.69,0.34,26,255,285,47,0.1,0.11
RSMM,69512,World,1.08,232.5,621,153.5,1.05,513,487,108,0.83,0.78,0.17,30,95,100,49,0.15,0.16
Nekoaimer,66559,China,1.08,230.6,1222,149.1,1.14,994,874,164,0.81,0.72,0.13,28,238,242,50,0.19,0.2
DLG patitop ,69694,World,1.08,230.4,385,155.9,1.14,305,267,78,0.79,0.69,0.2,30,52,30,63,0.14,0.08
BnhMj,32068,Vietnam,1.08,206.4,650,135.6,1.13,502,444,172,0.77,0.68,0.26,31,34,70,33,0.05,0.11
Zimo,59735,Saudi Arabia,1.08,205.6,1632,138.5,1.15,1179,1027,589,0.72,0.63,0.36,33,106,80,57,0.06,0.05
Shao,159,World,1.08,198.5,309,131.2,1.15,220,192,118,0.71,0.62,0.38,31,20,32,38,0.06,0.1
Nhatthong2k,2687,Vietnam,1.07,240.3,438,163.8,1.06,348,328,72,0.79,0.75,0.16,27,102,76,57,0.23,0.17
nTK,2694,Vietnam,1.07,216.8,514,144.7,1.12,388,346,132,0.75,0.67,0.26,23,54,50,52,0.11,0.1
justnatioNN,9702,Kuwait,1.07,207.4,1222,131.9,1.04,892,854,454,0.73,0.7,0.37,24,132,102,56,0.11,0.08
ACHRF,29345,Algeria,1.07,203.9,1622,134.9,1.06,1135,1070,653,0.7,0.66,0.4,27,121,116,51,0.07,0.07
Crus,39916,Vietnam,1.07,187.6,753,122.2,1.1,501,456,300,0.67,0.61,0.4,36,54,33,62,0.07,0.04
str1keR,9334,Saudi Arabia,1.06,224.1,1364,149,1.06,1073,1011,301,0.79,0.74,0.22,25,152,173,47,0.11,0.13
Virtyyyy,14354,Dominican Republic,1.05,222.6,633,140,1.1,489,444,138,0.77,0.7,0.22,25,111,111,50,0.18,0.18
Xhowi,12015,Dominican Republic,1.05,211.2,942,138.2,1.1,702,639,240,0.75,0.68,0.25,41,87,96,48,0.09,0.1
safiaa,65494,Algeria,1.05,202,360,137.3,1.04,262,251,109,0.73,0.7,0.3,30,29,25,54,0.08,0.07
ShawateRR,5998,Jordan,1.05,199.4,860,129.6,0.99,588,591,359,0.68,0.69,0.42,26,62,55,53,0.07,0.06
AKV Andrehs ,69713,World,1.05,198.6,355,127.3,1.12,239,213,127,0.67,0.6,0.36,32,25,27,48,0.07,0.08
SpY,5999,Lebanon,1.05,196.5,1422,130.1,1.14,1002,882,475,0.7,0.62,0.33,31,109,95,53,0.08,0.07
Lizi,40140,Israel,1.04,219.5,1936,147.4,1.21,1620,1344,272,0.84,0.69,0.14,41,200,144,58,0.1,0.07
A1mly,26407,Palestine,1.04,219.2,1671,147.5,1.07,1299,1217,304,0.78,0.73,0.18,35,204,213,49,0.12,0.13
FG erde,69519,World,1.04,210.9,415,138.3,0.99,298,301,140,0.72,0.73,0.34,25,41,47,47,0.1,0.11
Viness,59928,Vietnam,1.04,202.5,816,136,1.01,585,582,291,0.72,0.71,0.36,26,87,78,53,0.11,0.1
noreadelcorte,67683,World,1.04,196.1,638,132.4,1.06,446,422,210,0.7,0.66,0.33,34,52,41,56,0.08,0.06
xelouz,9699,Kuwait,1.04,188.7,1916,122.8,0.99,1272,1282,828,0.66,0.67,0.43,29,72,80,47,0.04,0.04
DaFt,27400,Vietnam,1.03,220.9,1038,147,1.01,780,774,252,0.75,0.75,0.24,20,180,171,51,0.17,0.16
Rizon,9695,World,1.03,207.6,5211,141.4,0.99,3804,3825,1602,0.73,0.73,0.31,33,576,609,49,0.11,0.12
Sand,8428,Egypt,1.03,201.6,1328,135.5,1.17,984,838,292,0.74,0.63,0.22,37,122,72,63,0.09,0.05
DucT,2706,Vietnam,1.03,192.1,514,126.3,0.89,334,374,242,0.65,0.73,0.47,28,28,34,45,0.05,0.07
DVDOV,9344,United Arab Emirates,1.02,214.4,738,140.7,1.08,558,519,146,0.76,0.7,0.2,25,75,66,53,0.1,0.09
Dazlly,9657,Saudi Arabia,1.02,213.1,1632,143.6,1.08,1253,1158,307,0.77,0.71,0.19,28,190,134,59,0.12,0.08
BM bnja,67830,World,1.02,212.4,496,142.7,1.08,384,354,74,0.77,0.71,0.15,29,30,28,52,0.06,0.06
Luwucia,59555,World,1.02,209.6,1048,132.8,1.15,820,716,220,0.78,0.68,0.21,33,96,68,59,0.09,0.06
alain,7980,"Moldova, Republic of",1.02,206,436,137.4,1.15,340,296,88,0.78,0.68,0.2,45,28,52,35,0.06,0.12
Near,12517,Kuwait,1.02,200.8,1778,127.4,1.09,1290,1186,388,0.73,0.67,0.22,27,144,100,59,0.08,0.06
MiniNiwde,12014,Dominican Republic,1.02,189.9,942,124.3,1.04,651,624,333,0.69,0.66,0.35,30,57,66,46,0.06,0.07
AlMtRoOo3,62345,World,1.02,189.8,1778,122.6,0.97,1200,1238,690,0.67,0.7,0.39,30,116,138,46,0.07,0.08
WALEED,64707,Kuwait,1.02,189.5,1778,125.4,1.04,1226,1176,624,0.69,0.66,0.35,35,84,80,51,0.05,0.04
SkaNoodles,25969,Egypt,1.02,177.2,388,109.5,1.02,252,248,158,0.65,0.64,0.41,22,40,26,61,0.1,0.07
FG Ne0n,69517,World,1.01,224.3,415,148.3,1,314,314,81,0.76,0.76,0.2,25,78,77,50,0.19,0.19
iFly,25886,Saudi Arabia,1.01,211.3,3264,138.3,1.12,2478,2204,468,0.76,0.68,0.14,25,474,372,56,0.15,0.11
X i n T r e Z,46300,World,1.01,199,535,128.4,0.89,380,425,190,0.71,0.79,0.36,29,45,50,47,0.08,0.09
chz,29321,Qatar,1,206.8,1484,140,0.95,1036,1096,502,0.7,0.74,0.34,21,132,160,45,0.09,0.11
Shniider,25967,Egypt,1,199.8,1328,131.4,1.06,948,894,340,0.71,0.67,0.26,31,132,132,50,0.1,0.1
OuTLaW,9817,Saudi Arabia,1,188.2,1380,126.4,1.07,954,894,453,0.69,0.65,0.33,33,97,95,51,0.07,0.07
RockeT,26462,Egypt,0.99,222,779,143.4,0.99,604,611,108,0.78,0.78,0.14,28,150,176,46,0.19,0.23
Aurora,11053,Saudi Arabia,0.99,213.6,621,142.9,0.93,463,498,144,0.75,0.8,0.23,33,61,55,53,0.1,0.09
kAzoo,9329,Syrian Arab Republic,0.99,196.8,1632,128.3,0.99,1139,1145,420,0.7,0.7,0.26,36,150,170,47,0.09,0.1
Milooo,57653,Vietnam,0.99,192.8,346,131.7,1.05,238,227,104,0.69,0.66,0.3,31,22,33,40,0.06,0.1
Alvar,1100,Jordan,0.98,202.9,603,135.4,1.04,438,422,125,0.73,0.7,0.21,31,68,57,54,0.11,0.09
vandals,66898,World,0.98,197.9,1168,128.5,0.92,804,878,338,0.69,0.75,0.29,34,110,122,47,0.09,0.1
Johnqt,7303,Morocco,0.98,192.1,968,127.2,1.15,652,569,261,0.67,0.59,0.27,26,68,55,55,0.07,0.06
aimhunterr,9783,United Arab Emirates,0.97,222.6,758,147.3,0.94,574,612,133,0.76,0.81,0.18,25,121,153,44,0.16,0.2
nero,9295,Israel,0.97,181.4,1304,120.3,0.94,864,916,416,0.66,0.7,0.32,24,56,84,40,0.04,0.06
SUYGETSU,2362,World,0.96,191.4,618,130.8,1.13,426,376,124,0.69,0.61,0.2,36,36,52,41,0.06,0.08
Feniz,11483,Costa Rica,0.96,189,916,131.5,1.11,644,578,180,0.7,0.63,0.2,34,76,50,60,0.08,0.05
BMV,25348,Vietnam,0.96,181.3,438,114.6,0.99,294,298,128,0.67,0.68,0.29,35,8,34,19,0.02,0.08
Alexy,29148,Philippines,1.49,291.8,441,188.8,2.08,468,225,111,1.06,0.51,0.25,24,96,30,76,0.22,0.07
dodonut,15805,Thailand,1.45,296,7210,188,1.58,7399,4683,1701,1.03,0.65,0.24,23,1834,1155,61,0.25,0.16
Kamiyu,42831,Philippines,1.42,240.2,588,160.9,1.75,512,292,324,0.87,0.5,0.55,36,36,28,56,0.06,0.05
eneri,12201,Indonesia,1.41,274.9,588,172,1.73,568,328,164,0.97,0.56,0.28,31,152,56,73,0.26,0.1
JohnOlsen,3927,Thailand,1.32,271,491,177.4,1.41,468,331,96,0.95,0.67,0.2,28,110,66,63,0.22,0.13
Xan,20921,Malaysia,1.31,265.6,1704,168.3,1.27,1588,1252,376,0.93,0.73,0.22,27,328,248,57,0.19,0.15
KellyS,11759,Philippines,1.29,259.7,994,165.8,1.23,888,724,324,0.89,0.73,0.33,21,144,150,49,0.14,0.15
shirazi,43003,Philippines,1.29,234.8,441,159.3,1.89,375,198,141,0.85,0.45,0.32,24,60,18,77,0.14,0.04
Babytz,26913,Thailand,1.27,252.7,392,165.9,1.37,342,250,112,0.87,0.64,0.29,18,64,42,60,0.16,0.11
Vera,41816,Singapore,1.25,269.8,576,174.1,1.31,537,410,111,0.93,0.71,0.19,20,121,105,54,0.21,0.18
PatMen,37510,Philippines,1.24,254.1,548,164.9,1.2,491,408,161,0.9,0.74,0.29,31,96,78,55,0.18,0.14
STYRON,20959,Singapore,1.24,229.2,1278,155.6,1.3,1056,813,444,0.83,0.64,0.35,29,114,69,62,0.09,0.05
NXGA Splash,69594,South East Asia,1.22,276.6,409,180.9,1.19,375,314,84,0.92,0.77,0.21,25,81,72,53,0.2,0.18
Kiuuuu,9984,Hong Kong,1.22,231.6,398,153.2,1.27,337,266,137,0.85,0.67,0.34,39,28,20,58,0.07,0.05
invy,18150,Philippines,1.22,216.8,438,144.6,1.19,351,294,193,0.8,0.67,0.44,31,28,21,57,0.06,0.05
ATX Rix,57618,South East Asia,1.21,259.8,428,169.9,1.2,376,314,90,0.88,0.73,0.21,28,102,90,53,0.24,0.21
PinOcChiOs,1290,Thailand,1.21,224.2,382,139.7,1.06,295,278,156,0.77,0.73,0.41,28,30,24,56,0.08,0.06
EJAY,5513,Philippines,1.2,254.9,684,167.8,1.2,616,514,148,0.9,0.75,0.22,25,120,88,58,0.18,0.13
endoistzin,67196,South East Asia,1.2,254.2,1251,161.1,1.18,1113,942,231,0.89,0.75,0.18,24,237,165,59,0.19,0.13
Jremy,5515,Philippines,1.2,253.5,438,162.9,1.2,382,319,88,0.87,0.73,0.2,25,109,87,56,0.25,0.2
JA,23947,Philippines,1.2,247.5,458,163.2,1.32,408,309,104,0.89,0.67,0.23,29,90,86,51,0.2,0.19
slathom999,16793,Philippines,1.2,239.2,1404,157.5,1.25,1218,978,360,0.87,0.7,0.26,32,87,93,48,0.06,0.07
Gemma,4847,Indonesia,1.2,232.4,450,151.1,1.24,372,299,138,0.83,0.66,0.31,33,54,37,59,0.12,0.08
Marky,16811,Philippines,1.2,225.3,497,144.2,1.28,401,314,187,0.81,0.63,0.38,24,53,62,46,0.11,0.12
SKRossi,3640,India,1.19,229.6,753,149.5,1.24,603,486,242,0.8,0.65,0.32,29,75,58,56,0.1,0.08
PTC,2949,Thailand,1.19,208.6,491,137.3,1.28,366,285,222,0.75,0.58,0.45,26,51,34,60,0.1,0.07
Mojer,29598,Philippines,1.18,250.1,458,159,1.27,399,315,108,0.87,0.69,0.24,20,74,70,51,0.16,0.15
PWE 55EE,69575,South East Asia,1.18,245.1,558,156.8,1.21,498,411,74,0.89,0.74,0.13,29,112,83,57,0.2,0.15
woody,61688,Indonesia,1.18,241,1680,164.3,1.25,1437,1146,381,0.86,0.68,0.23,32,144,108,57,0.09,0.06
ZhenNNNN,29551,Taiwan,1.17,252.8,340,161.2,1.22,308,252,53,0.91,0.74,0.16,27,84,66,56,0.25,0.19
sTizzy,39457,Indonesia,1.17,224.7,438,146.4,1.14,348,306,183,0.79,0.7,0.42,30,30,12,71,0.07,0.03
Shiro,18901,Indonesia,1.17,223,447,149.1,1.21,347,286,178,0.78,0.64,0.4,28,31,29,52,0.07,0.06
NcSlasher,8243,Indonesia,1.17,217.4,447,144.2,1.08,333,307,204,0.74,0.69,0.46,29,47,28,63,0.11,0.06
Leviathan,21185,Thailand,1.17,207.6,491,136.4,1.2,377,314,196,0.77,0.64,0.4,33,45,40,53,0.09,0.08
Nythan,39435,Indonesia,1.16,210.8,1680,136.8,1.12,1275,1134,669,0.76,0.68,0.4,28,141,132,52,0.08,0.08
BME famouzin,69602,South East Asia,1.15,250.2,447,165.4,1.16,376,324,91,0.84,0.72,0.2,21,95,89,52,0.21,0.2
kappa,12427,Indonesia,1.14,242.1,944,157.9,1.1,786,712,192,0.83,0.75,0.2,31,172,144,54,0.18,0.15
xavi8k,11761,Philippines,1.14,221.7,994,146.8,1.19,758,638,332,0.76,0.64,0.33,20,78,74,51,0.08,0.07
FuriousMeow,10110,Hong Kong,1.14,215.2,1816,138.4,1.09,1360,1252,724,0.75,0.69,0.4,27,188,208,47,0.1,0.11
ChiaWei1031,51979,Taiwan,1.14,213.1,506,142.8,1.3,398,305,138,0.79,0.6,0.27,40,30,26,54,0.06,0.05
wayne,41868,Singapore,1.13,227.7,1130,150,1.24,922,746,220,0.82,0.66,0.19,25,128,96,57,0.11,0.08
BerserX,4836,Indonesia,1.13,218.5,447,147.1,1.44,364,252,96,0.81,0.56,0.21,22,40,30,57,0.09,0.07
Kadoom,6166,Thailand,1.12,244,632,156.7,1.08,524,485,115,0.83,0.77,0.18,27,120,119,50,0.19,0.19
niffy,32106,Thailand,1.12,241.3,928,162.9,1.19,790,664,146,0.85,0.72,0.16,28,176,154,53,0.19,0.17
dzii,27337,Singapore,1.12,222.1,1728,148.8,1.26,1425,1134,363,0.82,0.66,0.21,29,150,147,51,0.09,0.09
HKUF ngk,69579,South East Asia,1.11,236.1,330,152.8,1.09,280,256,65,0.85,0.78,0.2,29,63,50,56,0.19,0.15
coconut,22055,Hong Kong,1.11,225.5,398,147.8,1.26,328,261,61,0.82,0.66,0.15,32,40,42,49,0.1,0.11
d1srupt,11756,Philippines,1.11,216.3,1740,141.7,1.1,1294,1180,618,0.74,0.68,0.36,27,172,130,57,0.1,0.07
Reverie,29359,Malaysia,1.11,207.3,1828,136.1,1.09,1336,1228,668,0.73,0.67,0.37,30,144,80,64,0.08,0.04
astr0,11757,Philippines,1.11,206,1395,129.9,1.01,1023,1014,576,0.73,0.73,0.41,31,87,81,52,0.06,0.06
Owen q t,58687,Philippines,1.11,201.7,1014,133.6,1.09,736,678,436,0.73,0.67,0.43,28,102,62,62,0.1,0.06
DEATHMAKER,2035,India,1.1,236.7,1740,154.1,1.12,1418,1270,314,0.81,0.73,0.18,29,330,352,48,0.19,0.2
JitBoyS,19072,Thailand,1.1,220.5,335,147,1.21,268,222,82,0.8,0.66,0.24,38,26,22,54,0.08,0.07
aduka,1257,Malaysia,1.1,214.5,818,141.6,1.15,620,540,250,0.76,0.66,0.31,24,98,78,56,0.12,0.1
Riza,10191,Malaysia,1.1,212.9,1130,132.6,1.08,856,792,364,0.76,0.7,0.32,25,76,96,44,0.07,0.08
ValdyN,5837,Indonesia,1.1,210.2,450,138.1,1.1,332,303,167,0.74,0.67,0.37,25,45,47,49,0.1,0.1
Foxz,3599,Thailand,1.1,205.7,491,137.5,1.19,361,303,164,0.74,0.62,0.33,30,39,37,51,0.08,0.08
XyU,41767,Taiwan,1.09,226.5,506,145.6,1.27,421,331,50,0.83,0.65,0.1,32,88,60,59,0.17,0.12
tupai,57875,Indonesia,1.09,219.7,584,143.1,1.06,448,424,140,0.77,0.73,0.24,36,84,48,64,0.14,0.08
f0rsakeN,18585,Indonesia,1.09,216.9,716,141.1,1.06,550,520,228,0.77,0.73,0.32,30,84,84,50,0.12,0.12
Nexi,5500,Philippines,1.09,214,458,143.9,1.31,358,274,104,0.78,0.6,0.23,28,31,18,63,0.07,0.04
adrnking,1298,Indonesia,1.09,212.9,1452,142.6,1.21,1136,936,370,0.78,0.64,0.25,34,112,116,49,0.08,0.08
Mikasa,20980,Malaysia,1.09,210.2,340,129.8,1,248,247,129,0.73,0.73,0.38,21,38,30,56,0.11,0.09
sScary,3923,Thailand,1.09,208.1,340,137.4,1.12,248,221,126,0.73,0.65,0.37,25,31,24,56,0.09,0.07
MEOW Dignified,69462,South East Asia,1.09,197,485,128.9,0.93,327,350,252,0.67,0.72,0.52,31,36,34,51,0.07,0.07
Kevzii,16834,Philippines,1.09,195.5,548,130.2,1.13,404,357,209,0.74,0.65,0.38,29,42,23,65,0.08,0.04
PapiChulo,23950,Philippines,1.09,191.6,458,125.8,1.37,338,246,157,0.74,0.54,0.34,27,21,17,55,0.05,0.04
GGHuiii,27408,Hong Kong,1.08,232.7,796,152.7,1.09,654,602,120,0.82,0.76,0.15,25,158,150,51,0.2,0.19
Potter,39835,Thailand,1.08,231.5,1401,148.1,1.06,1122,1056,258,0.8,0.75,0.18,28,264,216,55,0.19,0.15
Kohaibi,42878,Singapore,1.08,224.6,588,147.8,1.14,447,393,174,0.76,0.67,0.3,24,63,36,64,0.11,0.06
Teerapong,39217,Thailand,1.08,219.3,531,146.1,1.03,403,393,158,0.76,0.74,0.3,21,54,59,48,0.1,0.11
Skii,46097,Malaysia,1.08,216.7,400,142,1.15,324,282,78,0.81,0.71,0.2,25,34,30,53,0.09,0.08
azys,23948,Philippines,1.07,241.6,944,161.3,1.08,788,730,178,0.83,0.77,0.19,28,172,162,51,0.18,0.17
FallX,58688,Philippines,1.07,231.5,507,156.8,1.1,421,382,73,0.83,0.75,0.14,35,101,84,55,0.2,0.17
W1nner,9943,Taiwan,1.07,223.2,506,148.2,1.16,395,341,92,0.78,0.67,0.18,28,69,61,53,0.14,0.12
LeVi,29716,India,1.07,212,1695,139.7,1.07,1230,1152,615,0.73,0.68,0.36,28,192,141,58,0.11,0.08
XIA Siraww,68540,South East Asia,1.07,208.7,398,137.6,1.09,290,267,128,0.73,0.67,0.32,33,27,21,56,0.07,0.05
grumble,57418,South East Asia,1.07,206.4,1152,142.5,1.15,856,744,328,0.74,0.65,0.28,38,94,68,58,0.08,0.06
TRS techno,69035,South East Asia,1.07,201,870,130.8,1.08,619,572,328,0.71,0.66,0.38,26,57,70,45,0.07,0.08
Kohliii,5004,India,1.07,199.6,2178,130.1,1.03,1515,1467,858,0.7,0.67,0.39,25,123,159,44,0.06,0.07
NoMan,18207,Hong Kong,1.06,229.1,456,148.6,1.14,366,321,63,0.8,0.7,0.14,29,81,60,57,0.18,0.13
JST parscofield,69454,South East Asia,1.06,228.1,579,153.2,1.02,460,451,113,0.79,0.78,0.2,26,96,93,51,0.17,0.16
senyorcarL,16754,Philippines,1.06,218.2,930,143.8,0.99,698,708,270,0.75,0.76,0.29,25,138,144,49,0.15,0.15
MiLuan,21156,Taiwan,1.06,210.9,680,139,1.11,498,450,202,0.73,0.66,0.3,30,50,46,52,0.07,0.07
MEOW DizzyFps,69463,South East Asia,1.06,210.3,483,142.7,1.18,366,311,115,0.76,0.64,0.24,29,36,41,47,0.07,0.08
PWE S1Mon1,69581,South East Asia,1.06,207.1,558,138.1,1,398,398,188,0.71,0.71,0.34,29,49,54,48,0.09,0.1
CE Seif,69452,South East Asia,1.06,203.7,487,133.5,1.02,360,353,156,0.74,0.72,0.32,32,32,33,49,0.07,0.07
mikasa,12307,Indonesia,1.06,202.4,608,131.2,1.04,422,406,211,0.69,0.67,0.35,27,56,38,60,0.09,0.06
Paradox,2068,India,1.06,201.5,753,130.2,1.13,546,482,217,0.73,0.64,0.29,25,77,69,53,0.1,0.09
JayH,10258,Singapore,1.06,199.3,1130,126.3,0.99,746,754,498,0.66,0.67,0.44,25,66,88,43,0.06,0.08
GEN Karon,67771,South East Asia,1.06,196.5,997,129.8,1.06,695,654,383,0.7,0.66,0.38,32,81,59,58,0.08,0.06
FA Nasty,69590,South East Asia,1.05,234.5,360,151.8,1.12,296,265,39,0.82,0.74,0.11,32,67,63,52,0.19,0.18
LightNinG,55579,Malaysia,1.05,219.4,852,152.1,1,627,630,249,0.74,0.74,0.29,27,75,84,47,0.09,0.1
sayoo,8238,Indonesia,1.05,218.1,2178,141.5,1.15,1689,1473,408,0.78,0.68,0.19,27,327,219,60,0.15,0.1
sushiboys,2611,Thailand,1.05,207.5,491,135.7,1.24,366,294,124,0.75,0.6,0.25,23,35,34,51,0.07,0.07
NKT PoomOnelove,67626,South East Asia,1.05,200.5,531,135,1,374,373,197,0.7,0.7,0.37,30,28,43,39,0.05,0.08
THE Heather,68517,South East Asia,1.05,196.6,472,128,1.05,325,309,181,0.69,0.65,0.38,24,34,31,52,0.07,0.07
n9sty,59179,Philippines,1.04,230.1,353,147.9,0.99,290,292,37,0.82,0.83,0.1,37,60,47,56,0.17,0.13
Lilo,15956,Indonesia,1.04,227.6,608,150.5,1.05,469,446,108,0.77,0.73,0.18,21,100,101,50,0.16,0.17
venky,41897,India,1.04,223.8,2067,144.8,1.03,1635,1587,279,0.79,0.77,0.13,33,423,303,58,0.2,0.15
